Sample,N,I,S,0,1,2,3,4,5,6,7,8,9,10,11,12,13,14,15,16,17,18,19
0.01,9942,99,9826,9443,375,8,0,0,0,0,0,0,0,0,0,0,0,0,0,0,0,0,0
0.025,9942,249,9644,8739,864,38,3,0,0,0,0,0,0,0,0,0,0,0,0,0,0,0,0
0.05,9942,497,9331,7694,1481,144,12,0,0,0,0,0,0,0,0,0,0,0,0,0,0,0,0
0.075,9942,746,9033,6718,2006,281,26,2,0,0,0,0,0,0,0,0,0,0,0,0,0,0,0
0.1,9942,994,8732,5859,2349,463,58,3,0,0,0,0,0,0,0,0,0,0,0,0,0,0,0
0.125,9942,1243,8427,5141,2562,623,92,8,1,0,0,0,0,0,0,0,0,0,0,0,0,0,0
0.15,9942,1491,8124,4505,2693,765,147,14,0,0,0,0,0,0,0,0,0,0,0,0,0,0,0
0.25,9942,2486,6786,2607,2541,1177,365,79,14,2,1,0,0,0,0,0,0,0,0,0,0,0,0
0.01,9942,99,9830,9452,369,8,1,0,0,0,0,0,0,0,0,0,0,0,0,0,0,0,0
0.025,9942,249,9668,8767,866,33,2,0,0,0,0,0,0,0,0,0,0,0,0,0,0,0,0
0.05,9942,497,9392,7723,1515,142,10,2,0,0,0,0,0,0,0,0,0,0,0,0,0,0,0
0.075,9942,746,9113,6791,2017,274,29,1,1,0,0,0,0,0,0,0,0,0,0,0,0,0,0
0.1,9942,994,8829,5989,2333,441,60,5,1,0,0,0,0,0,0,0,0,0,0,0,0,0,0
0.125,9942,1243,8541,5301,2534,602,89,14,0,1,0,0,0,0,0,0,0,0,0,0,0,0,0
0.15,9942,1491,8237,4658,2618,783,148,26,4,0,0,0,0,0,0,0,0,0,0,0,0,0,0
0.25,9942,2486,7028,2780,2540,1187,404,95,21,1,0,0,0,0,0,0,0,0,0,0,0,0,0
0.01,9942,99,9830,9441,371,18,0,0,0,0,0,0,0,0,0,0,0,0,0,0,0,0,0
0.025,9942,249,9661,8740,882,39,0,0,0,0,0,0,0,0,0,0,0,0,0,0,0,0,0
0.05,9942,497,9386,7714,1521,144,5,2,0,0,0,0,0,0,0,0,0,0,0,0,0,0,0
0.075,9942,746,9098,6777,1998,289,31,3,0,0,0,0,0,0,0,0,0,0,0,0,0,0,0
0.1,9942,994,8828,5981,2324,455,59,9,0,0,0,0,0,0,0,0,0,0,0,0,0,0,0
0.125,9942,1243,8542,5258,2535,623,107,16,2,1,0,0,0,0,0,0,0,0,0,0,0,0,0
0.15,9942,1491,8263,4645,2648,798,146,22,1,3,0,0,0,0,0,0,0,0,0,0,0,0,0
0.25,9942,2486,7126,2754,2594,1249,423,83,19,3,1,0,0,0,0,0,0,0,0,0,0,0,0
0.01,9942,99,9833,9451,375,7,0,0,0,0,0,0,0,0,0,0,0,0,0,0,0,0,0
0.025,9942,249,9667,8763,867,34,3,0,0,0,0,0,0,0,0,0,0,0,0,0,0,0,0
0.05,9942,497,9371,7726,1487,149,8,1,0,0,0,0,0,0,0,0,0,0,0,0,0,0,0
0.075,9942,746,9080,6784,1981,298,17,0,0,0,0,0,0,0,0,0,0,0,0,0,0,0,0
0.1,9942,994,8775,5931,2366,433,40,3,0,2,0,0,0,0,0,0,0,0,0,0,0,0,0
0.125,9942,1243,8491,5211,2606,568,91,12,1,1,1,0,0,0,0,0,0,0,0,0,0,0,0
0.15,9942,1491,8193,4592,2671,750,149,28,1,0,2,0,0,0,0,0,0,0,0,0,0,0,0
0.25,9942,2486,7023,2667,2652,1214,368,90,23,8,1,0,0,0,0,0,0,0,0,0,0,0,0
0.01,9942,99,9805,9430,368,7,0,0,0,0,0,0,0,0,0,0,0,0,0,0,0,0,0
0.025,9942,249,9549,8611,886,49,3,0,0,0,0,0,0,0,0,0,0,0,0,0,0,0,0
0.05,9942,497,9148,7528,1456,152,11,0,1,0,0,0,0,0,0,0,0,0,0,0,0,0,0
0.075,9942,746,8719,6475,1925,290,24,3,2,0,0,0,0,0,0,0,0,0,0,0,0,0,0
0.1,9942,994,8287,5562,2237,432,50,5,1,0,0,0,0,0,0,0,0,0,0,0,0,0,0
0.125,9942,1243,7827,4789,2374,576,78,9,1,0,0,0,0,0,0,0,0,0,0,0,0,0,0
0.15,9942,1491,7334,4100,2418,669,128,15,4,0,0,0,0,0,0,0,0,0,0,0,0,0,0
0.01,9942,99,9802,9423,368,11,0,0,0,0,0,0,0,0,0,0,0,0,0,0,0,0,0
0.025,9942,249,9615,8706,863,45,1,0,0,0,0,0,0,0,0,0,0,0,0,0,0,0,0
0.05,9942,497,9283,7618,1498,155,12,0,0,0,0,0,0,0,0,0,0,0,0,0,0,0,0
0.075,9942,746,8961,6676,1956,293,35,1,0,0,0,0,0,0,0,0,0,0,0,0,0,0,0
0.1,9942,994,8594,5786,2299,440,65,4,0,0,0,0,0,0,0,0,0,0,0,0,0,0,0
0.125,9942,1243,8238,5036,2480,608,103,7,4,0,0,0,0,0,0,0,0,0,0,0,0,0,0
0.15,9942,1491,7856,4398,2560,745,131,18,3,1,0,0,0,0,0,0,0,0,0,0,0,0,0
0.25,9942,2486,6312,2488,2323,1093,325,61,20,2,0,0,0,0,0,0,0,0,0,0,0,0,0
0.01,9942,99,9804,9433,364,7,0,0,0,0,0,0,0,0,0,0,0,0,0,0,0,0,0
0.025,9942,249,9607,8681,872,48,6,0,0,0,0,0,0,0,0,0,0,0,0,0,0,0,0
0.05,9942,497,9280,7610,1492,167,10,1,0,0,0,0,0,0,0,0,0,0,0,0,0,0,0
0.075,9942,746,8951,6653,1964,306,23,5,0,0,0,0,0,0,0,0,0,0,0,0,0,0,0
0.1,9942,994,8607,5849,2282,408,63,3,2,0,0,0,0,0,0,0,0,0,0,0,0,0,0
0.125,9942,1243,8276,5089,2486,587,98,15,1,0,0,0,0,0,0,0,0,0,0,0,0,0,0
0.15,9942,1491,7947,4446,2617,733,135,15,1,0,0,0,0,0,0,0,0,0,0,0,0,0,0
0.25,9942,2486,6408,2535,2422,1025,325,82,18,1,0,0,0,0,0,0,0,0,0,0,0,0,0
0.01,9942,99,9806,9426,373,7,0,0,0,0,0,0,0,0,0,0,0,0,0,0,0,0,0
0.025,9942,249,9550,8671,841,38,0,0,0,0,0,0,0,0,0,0,0,0,0,0,0,0,0
0.05,9942,497,9157,7500,1519,124,14,0,0,0,0,0,0,0,0,0,0,0,0,0,0,0,0
0.075,9942,746,8757,6494,1992,244,25,2,0,0,0,0,0,0,0,0,0,0,0,0,0,0,0
0.1,9942,994,8328,5665,2211,389,56,7,0,0,0,0,0,0,0,0,0,0,0,0,0,0,0
0.125,9942,1243,7872,4837,2375,550,99,10,1,0,0,0,0,0,0,0,0,0,0,0,0,0,0
0.15,9942,1491,7411,4141,2432,700,118,20,0,0,0,0,0,0,0,0,0,0,0,0,0,0,0
0.01,9942,99,9827,9419,401,7,0,0,0,0,0,0,0,0,0,0,0,0,0,0,0,0,0
0.025,9942,249,9665,8753,860,51,1,0,0,0,0,0,0,0,0,0,0,0,0,0,0,0,0
0.05,9942,497,9370,7628,1566,163,13,0,0,0,0,0,0,0,0,0,0,0,0,0,0,0,0
0.075,9942,746,9094,6719,2035,305,33,2,0,0,0,0,0,0,0,0,0,0,0,0,0,0,0
0.1,9942,994,8808,5956,2339,447,56,8,2,0,0,0,0,0,0,0,0,0,0,0,0,0,0
0.125,9942,1243,8522,5210,2580,626,87,14,5,0,0,0,0,0,0,0,0,0,0,0,0,0,0
0.15,9942,1491,8244,4557,2720,800,141,24,2,0,0,0,0,0,0,0,0,0,0,0,0,0,0
0.25,9942,2486,7036,2730,2587,1249,352,106,10,2,0,0,0,0,0,0,0,0,0,0,0,0,0
0.01,9942,99,9812,9453,352,7,0,0,0,0,0,0,0,0,0,0,0,0,0,0,0,0,0
0.025,9942,249,9598,8701,856,41,0,0,0,0,0,0,0,0,0,0,0,0,0,0,0,0,0
0.05,9942,497,9237,7576,1509,142,9,1,0,0,0,0,0,0,0,0,0,0,0,0,0,0,0
0.075,9942,746,8894,6614,1975,270,32,3,0,0,0,0,0,0,0,0,0,0,0,0,0,0,0
0.1,9942,994,8545,5786,2226,465,63,4,1,0,0,0,0,0,0,0,0,0,0,0,0,0,0
0.125,9942,1243,8148,5056,2380,587,113,12,0,0,0,0,0,0,0,0,0,0,0,0,0,0,0
0.15,9942,1491,7763,4377,2516,687,160,20,3,0,0,0,0,0,0,0,0,0,0,0,0,0,0
0.25,9942,2486,5943,2362,2229,980,275,82,15,0,0,0,0,0,0,0,0,0,0,0,0,0,0
0.01,9941,99,9757,9371,376,10,0,0,0,0,0,0,0,0,0,0,0,0,0,0,0,0,0
0.025,9941,249,9463,8520,895,47,1,0,0,0,0,0,0,0,0,0,0,0,0,0,0,0,0
0.05,9941,497,8936,7307,1482,136,11,0,0,0,0,0,0,0,0,0,0,0,0,0,0,0,0
0.075,9941,746,8328,6220,1815,268,23,2,0,0,0,0,0,0,0,0,0,0,0,0,0,0,0
0.1,9941,994,7747,5232,2086,379,47,3,0,0,0,0,0,0,0,0,0,0,0,0,0,0,0
0.125,9941,1243,6760,4225,2024,420,84,6,1,0,0,0,0,0,0,0,0,0,0,0,0,0,0
0.01,9941,99,9824,9427,391,6,0,0,0,0,0,0,0,0,0,0,0,0,0,0,0,0,0
0.025,9941,249,9646,8685,917,43,1,0,0,0,0,0,0,0,0,0,0,0,0,0,0,0,0
0.05,9941,497,9357,7679,1503,168,6,1,0,0,0,0,0,0,0,0,0,0,0,0,0,0,0
0.075,9941,746,9070,6757,1957,326,25,5,0,0,0,0,0,0,0,0,0,0,0,0,0,0,0
0.1,9941,994,8771,5882,2328,496,60,5,0,0,0,0,0,0,0,0,0,0,0,0,0,0,0
0.125,9941,1243,8454,5152,2517,658,107,18,2,0,0,0,0,0,0,0,0,0,0,0,0,0,0
0.15,9941,1491,8145,4521,2654,791,161,17,1,0,0,0,0,0,0,0,0,0,0,0,0,0,0
0.25,9941,2485,6830,2647,2554,1184,348,77,19,1,0,0,0,0,0,0,0,0,0,0,0,0,0
0.01,9941,99,9834,9385,445,4,0,0,0,0,0,0,0,0,0,0,0,0,0,0,0,0,0
0.025,9941,249,9666,8688,933,44,1,0,0,0,0,0,0,0,0,0,0,0,0,0,0,0,0
0.05,9941,497,9387,7635,1571,172,9,0,0,0,0,0,0,0,0,0,0,0,0,0,0,0,0
0.075,9941,746,9102,6676,2059,341,24,2,0,0,0,0,0,0,0,0,0,0,0,0,0,0,0
0.1,9941,994,8834,5891,2338,538,62,5,0,0,0,0,0,0,0,0,0,0,0,0,0,0,0
0.125,9941,1243,8559,5182,2570,670,120,16,1,0,0,0,0,0,0,0,0,0,0,0,0,0,0
0.15,9941,1491,8285,4550,2723,823,162,25,2,0,0,0,0,0,0,0,0,0,0,0,0,0,0
0.25,9941,2485,7125,2724,2587,1280,426,92,15,1,0,0,0,0,0,0,0,0,0,0,0,0,0
0.01,9941,99,9793,9411,374,8,0,0,0,0,0,0,0,0,0,0,0,0,0,0,0,0,0
0.025,9941,249,9570,8656,863,50,1,0,0,0,0,0,0,0,0,0,0,0,0,0,0,0,0
0.05,9941,497,9165,7511,1506,140,7,1,0,0,0,0,0,0,0,0,0,0,0,0,0,0,0
0.075,9941,746,8767,6566,1891,280,30,0,0,0,0,0,0,0,0,0,0,0,0,0,0,0,0
0.1,9941,994,8363,5662,2183,455,61,2,0,0,0,0,0,0,0,0,0,0,0,0,0,0,0
0.125,9941,1243,7938,4878,2343,606,98,11,2,0,0,0,0,0,0,0,0,0,0,0,0,0,0
0.15,9941,1491,7504,4173,2455,723,131,20,2,0,0,0,0,0,0,0,0,0,0,0,0,0,0
0.25,9941,2485,5240,2113,1899,913,243,58,12,2,0,0,0,0,0,0,0,0,0,0,0,0,0
0.01,9941,99,9808,9420,380,8,0,0,0,0,0,0,0,0,0,0,0,0,0,0,0,0,0
0.025,9941,249,9611,8707,867,37,0,0,0,0,0,0,0,0,0,0,0,0,0,0,0,0,0
0.05,9941,497,9254,7593,1499,153,9,0,0,0,0,0,0,0,0,0,0,0,0,0,0,0,0
0.075,9941,746,8901,6564,2025,275,34,3,0,0,0,0,0,0,0,0,0,0,0,0,0,0,0
0.1,9941,994,8557,5727,2297,459,68,5,1,0,0,0,0,0,0,0,0,0,0,0,0,0,0
0.125,9941,1243,8153,4957,2464,624,93,14,1,0,0,0,0,0,0,0,0,0,0,0,0,0,0
0.15,9941,1491,7784,4329,2491,801,139,21,3,0,0,0,0,0,0,0,0,0,0,0,0,0,0
0.25,9941,2485,6207,2337,2343,1051,356,95,21,4,0,0,0,0,0,0,0,0,0,0,0,0,0
0.01,9941,99,9816,9418,390,8,0,0,0,0,0,0,0,0,0,0,0,0,0,0,0,0,0
0.025,9941,249,9600,8678,873,49,0,0,0,0,0,0,0,0,0,0,0,0,0,0,0,0,0
0.05,9941,497,9256,7579,1526,142,8,1,0,0,0,0,0,0,0,0,0,0,0,0,0,0,0
0.075,9941,746,8913,6608,1968,310,27,0,0,0,0,0,0,0,0,0,0,0,0,0,0,0,0
0.1,9941,994,8566,5786,2204,505,66,5,0,0,0,0,0,0,0,0,0,0,0,0,0,0,0
0.125,9941,1243,8192,5026,2442,601,108,14,1,0,0,0,0,0,0,0,0,0,0,0,0,0,0
0.15,9941,1491,7838,4409,2520,732,152,24,1,0,0,0,0,0,0,0,0,0,0,0,0,0,0
0.25,9941,2485,6150,2508,2189,1037,324,73,16,3,0,0,0,0,0,0,0,0,0,0,0,0,0
0.01,9941,99,9821,9439,377,5,0,0,0,0,0,0,0,0,0,0,0,0,0,0,0,0,0
0.025,9941,249,9633,8675,914,41,3,0,0,0,0,0,0,0,0,0,0,0,0,0,0,0,0
0.05,9941,497,9305,7576,1544,172,12,1,0,0,0,0,0,0,0,0,0,0,0,0,0,0,0
0.075,9941,746,8962,6677,1935,314,34,2,0,0,0,0,0,0,0,0,0,0,0,0,0,0,0
0.1,9941,994,8603,5886,2206,428,77,6,0,0,0,0,0,0,0,0,0,0,0,0,0,0,0
0.125,9941,1243,8221,5023,2510,577,97,12,2,0,0,0,0,0,0,0,0,0,0,0,0,0,0
0.15,9941,1491,7862,4361,2592,741,145,19,4,0,0,0,0,0,0,0,0,0,0,0,0,0,0
0.25,9941,2485,6298,2406,2300,1157,333,84,15,2,1,0,0,0,0,0,0,0,0,0,0,0,0
0.01,9941,99,9829,9432,389,8,0,0,0,0,0,0,0,0,0,0,0,0,0,0,0,0,0
0.025,9941,249,9661,8724,891,43,3,0,0,0,0,0,0,0,0,0,0,0,0,0,0,0,0
0.05,9941,497,9357,7629,1577,139,9,3,0,0,0,0,0,0,0,0,0,0,0,0,0,0,0
0.075,9941,746,9059,6725,2019,286,28,1,0,0,0,0,0,0,0,0,0,0,0,0,0,0,0
0.1,9941,994,8771,5887,2382,436,63,3,0,0,0,0,0,0,0,0,0,0,0,0,0,0,0
0.125,9941,1243,8477,5137,2607,614,108,11,0,0,0,0,0,0,0,0,0,0,0,0,0,0,0
0.15,9941,1491,8170,4568,2647,783,145,23,4,0,0,0,0,0,0,0,0,0,0,0,0,0,0
0.25,9941,2485,6957,2614,2617,1252,370,76,24,3,1,0,0,0,0,0,0,0,0,0,0,0,0
0.01,9941,99,9785,9417,357,11,0,0,0,0,0,0,0,0,0,0,0,0,0,0,0,0,0
0.025,9941,249,9558,8666,840,50,2,0,0,0,0,0,0,0,0,0,0,0,0,0,0,0,0
0.05,9941,497,9222,7541,1500,169,12,0,0,0,0,0,0,0,0,0,0,0,0,0,0,0,0
0.075,9941,746,8886,6609,1958,284,32,3,0,0,0,0,0,0,0,0,0,0,0,0,0,0,0
0.1,9941,994,8541,5752,2264,454,65,6,0,0,0,0,0,0,0,0,0,0,0,0,0,0,0
0.125,9941,1243,8206,4986,2500,599,108,12,1,0,0,0,0,0,0,0,0,0,0,0,0,0,0
0.15,9941,1491,7841,4365,2523,797,135,18,3,0,0,0,0,0,0,0,0,0,0,0,0,0,0
0.25,9941,2485,6164,2413,2291,1045,318,79,13,5,0,0,0,0,0,0,0,0,0,0,0,0,0
0.01,9941,99,9826,9445,374,7,0,0,0,0,0,0,0,0,0,0,0,0,0,0,0,0,0
0.025,9941,249,9656,8716,900,37,3,0,0,0,0,0,0,0,0,0,0,0,0,0,0,0,0
0.05,9941,497,9384,7637,1578,161,7,1,0,0,0,0,0,0,0,0,0,0,0,0,0,0,0
0.075,9941,746,9112,6699,2066,317,26,4,0,0,0,0,0,0,0,0,0,0,0,0,0,0,0
0.1,9941,994,8818,5914,2328,497,72,7,0,0,0,0,0,0,0,0,0,0,0,0,0,0,0
0.125,9941,1243,8534,5181,2573,655,108,16,1,0,0,0,0,0,0,0,0,0,0,0,0,0,0
0.15,9941,1491,8251,4582,2641,823,172,30,3,0,0,0,0,0,0,0,0,0,0,0,0,0,0
0.25,9941,2485,7076,2653,2640,1253,417,88,23,2,0,0,0,0,0,0,0,0,0,0,0,0,0
0.01,9928,99,9819,9429,377,12,1,0,0,0,0,0,0,0,0,0,0,0,0,0,0,0,0
0.025,9928,248,9644,8711,889,42,2,0,0,0,0,0,0,0,0,0,0,0,0,0,0,0,0
0.05,9928,496,9348,7605,1569,165,8,1,0,0,0,0,0,0,0,0,0,0,0,0,0,0,0
0.075,9928,745,9050,6684,2040,289,35,2,0,0,0,0,0,0,0,0,0,0,0,0,0,0,0
0.1,9928,993,8743,5858,2380,429,73,3,0,0,0,0,0,0,0,0,0,0,0,0,0,0,0
0.125,9928,1241,8431,5149,2572,587,115,8,0,0,0,0,0,0,0,0,0,0,0,0,0,0,0
0.15,9928,1489,8130,4475,2730,749,155,19,2,0,0,0,0,0,0,0,0,0,0,0,0,0,0
0.25,9928,2482,6864,2601,2604,1190,363,84,16,6,0,0,0,0,0,0,0,0,0,0,0,0,0
0.01,9928,99,9815,9453,358,4,0,0,0,0,0,0,0,0,0,0,0,0,0,0,0,0,0
0.025,9928,248,9650,8765,843,39,3,0,0,0,0,0,0,0,0,0,0,0,0,0,0,0,0
0.05,9928,496,9362,7725,1483,143,11,0,0,0,0,0,0,0,0,0,0,0,0,0,0,0,0
0.075,9928,745,9081,6801,1967,274,36,3,0,0,0,0,0,0,0,0,0,0,0,0,0,0,0
0.1,9928,993,8790,5986,2299,431,64,10,0,0,0,0,0,0,0,0,0,0,0,0,0,0,0
0.125,9928,1241,8489,5295,2471,621,82,19,1,0,0,0,0,0,0,0,0,0,0,0,0,0,0
0.15,9928,1489,8193,4595,2665,773,128,28,4,0,0,0,0,0,0,0,0,0,0,0,0,0,0
0.25,9928,2482,6976,2657,2621,1261,334,84,17,2,0,0,0,0,0,0,0,0,0,0,0,0,0
0.01,9928,99,9819,9428,386,5,0,0,0,0,0,0,0,0,0,0,0,0,0,0,0,0,0
0.025,9928,248,9634,8778,809,47,0,0,0,0,0,0,0,0,0,0,0,0,0,0,0,0,0
0.05,9928,496,9327,7693,1488,136,8,2,0,0,0,0,0,0,0,0,0,0,0,0,0,0,0
0.075,9928,745,9004,6745,1976,263,17,3,0,0,0,0,0,0,0,0,0,0,0,0,0,0,0
0.1,9928,993,8676,5866,2321,424,59,4,2,0,0,0,0,0,0,0,0,0,0,0,0,0,0
0.125,9928,1241,8359,5159,2474,607,108,11,0,0,0,0,0,0,0,0,0,0,0,0,0,0,0
0.15,9928,1489,8058,4504,2610,743,182,17,2,0,0,0,0,0,0,0,0,0,0,0,0,0,0
0.25,9928,2482,6755,2505,2587,1173,390,85,12,3,0,0,0,0,0,0,0,0,0,0,0,0,0
0.01,9928,99,9795,9418,368,9,0,0,0,0,0,0,0,0,0,0,0,0,0,0,0,0,0
0.025,9928,248,9614,8717,856,40,1,0,0,0,0,0,0,0,0,0,0,0,0,0,0,0,0
0.05,9928,496,9291,7644,1497,142,8,0,0,0,0,0,0,0,0,0,0,0,0,0,0,0,0
0.075,9928,745,8996,6649,2027,290,29,1,0,0,0,0,0,0,0,0,0,0,0,0,0,0,0
0.1,9928,993,8675,5807,2342,448,72,6,0,0,0,0,0,0,0,0,0,0,0,0,0,0,0
0.125,9928,1241,8364,5071,2575,588,112,16,2,0,0,0,0,0,0,0,0,0,0,0,0,0,0
0.15,9928,1489,8034,4463,2663,722,155,27,3,1,0,0,0,0,0,0,0,0,0,0,0,0,0
0.25,9928,2482,6656,2540,2522,1122,371,87,13,0,1,0,0,0,0,0,0,0,0,0,0,0,0
0.01,9928,99,9812,9454,351,7,0,0,0,0,0,0,0,0,0,0,0,0,0,0,0,0,0
0.025,9928,248,9648,8719,888,36,5,0,0,0,0,0,0,0,0,0,0,0,0,0,0,0,0
0.05,9928,496,9370,7687,1531,138,12,2,0,0,0,0,0,0,0,0,0,0,0,0,0,0,0
0.075,9928,745,9088,6749,2003,302,31,3,0,0,0,0,0,0,0,0,0,0,0,0,0,0,0
0.1,9928,993,8806,5921,2363,453,63,6,0,0,0,0,0,0,0,0,0,0,0,0,0,0,0
0.125,9928,1241,8519,5230,2563,608,107,10,1,0,0,0,0,0,0,0,0,0,0,0,0,0,0
0.15,9928,1489,8243,4627,2711,744,146,15,0,0,0,0,0,0,0,0,0,0,0,0,0,0,0
0.25,9928,2482,7100,2695,2644,1237,409,91,18,6,0,0,0,0,0,0,0,0,0,0,0,0,0
0.01,9928,99,9817,9412,396,9,0,0,0,0,0,0,0,0,0,0,0,0,0,0,0,0,0
0.025,9928,248,9649,8702,911,33,3,0,0,0,0,0,0,0,0,0,0,0,0,0,0,0,0
0.05,9928,496,9348,7698,1509,130,9,2,0,0,0,0,0,0,0,0,0,0,0,0,0,0,0
0.075,9928,745,9048,6732,1997,289,23,7,0,0,0,0,0,0,0,0,0,0,0,0,0,0,0
0.1,9928,993,8715,5901,2304,454,50,5,1,0,0,0,0,0,0,0,0,0,0,0,0,0,0
0.125,9928,1241,8411,5195,2503,627,79,6,0,1,0,0,0,0,0,0,0,0,0,0,0,0,0
0.15,9928,1489,8111,4577,2613,776,131,11,2,1,0,0,0,0,0,0,0,0,0,0,0,0,0
0.25,9928,2482,6770,2531,2550,1228,356,80,21,3,1,0,0,0,0,0,0,0,0,0,0,0,0
0.01,9928,99,9821,9412,401,8,0,0,0,0,0,0,0,0,0,0,0,0,0,0,0,0,0
0.025,9928,248,9650,8713,893,42,2,0,0,0,0,0,0,0,0,0,0,0,0,0,0,0,0
0.05,9928,496,9346,7654,1526,157,9,0,0,0,0,0,0,0,0,0,0,0,0,0,0,0,0
0.075,9928,745,9049,6732,1974,308,32,3,0,0,0,0,0,0,0,0,0,0,0,0,0,0,0
0.1,9928,993,8752,5912,2316,451,66,6,1,0,0,0,0,0,0,0,0,0,0,0,0,0,0
0.125,9928,1241,8452,5190,2545,604,95,15,3,0,0,0,0,0,0,0,0,0,0,0,0,0,0
0.15,9928,1489,8141,4573,2632,774,131,26,4,1,0,0,0,0,0,0,0,0,0,0,0,0,0
0.25,9928,2482,6888,2654,2527,1219,389,80,18,1,0,0,0,0,0,0,0,0,0,0,0,0,0
0.01,9928,99,9758,9387,363,8,0,0,0,0,0,0,0,0,0,0,0,0,0,0,0,0,0
0.025,9928,248,9512,8591,883,37,0,1,0,0,0,0,0,0,0,0,0,0,0,0,0,0,0
0.05,9928,496,8993,7372,1470,137,12,2,0,0,0,0,0,0,0,0,0,0,0,0,0,0,0
0.075,9928,745,8525,6380,1834,275,34,2,0,0,0,0,0,0,0,0,0,0,0,0,0,0,0
0.1,9928,993,8024,5482,2085,400,49,8,0,0,0,0,0,0,0,0,0,0,0,0,0,0,0
0.125,9928,1241,7411,4600,2223,492,79,15,2,0,0,0,0,0,0,0,0,0,0,0,0,0,0
0.15,9928,1489,6684,3776,2145,635,109,17,2,0,0,0,0,0,0,0,0,0,0,0,0,0,0
0.01,9928,99,9813,9408,395,10,0,0,0,0,0,0,0,0,0,0,0,0,0,0,0,0,0
0.025,9928,248,9635,8718,871,43,3,0,0,0,0,0,0,0,0,0,0,0,0,0,0,0,0
0.05,9928,496,9339,7620,1570,133,15,1,0,0,0,0,0,0,0,0,0,0,0,0,0,0,0
0.075,9928,745,9029,6685,2028,285,25,6,0,0,0,0,0,0,0,0,0,0,0,0,0,0,0
0.1,9928,993,8727,5871,2367,421,61,4,3,0,0,0,0,0,0,0,0,0,0,0,0,0,0
0.125,9928,1241,8396,5104,2578,619,83,10,2,0,0,0,0,0,0,0,0,0,0,0,0,0,0
0.15,9928,1489,8075,4470,2690,741,148,21,5,0,0,0,0,0,0,0,0,0,0,0,0,0,0
0.25,9928,2482,6774,2616,2535,1133,396,78,14,2,0,0,0,0,0,0,0,0,0,0,0,0,0
0.01,9928,99,9768,9376,387,5,0,0,0,0,0,0,0,0,0,0,0,0,0,0,0,0,0
0.025,9928,248,9564,8697,825,40,2,0,0,0,0,0,0,0,0,0,0,0,0,0,0,0,0
0.05,9928,496,9198,7558,1491,139,10,0,0,0,0,0,0,0,0,0,0,0,0,0,0,0,0
0.075,9928,745,8855,6565,1962,296,31,1,0,0,0,0,0,0,0,0,0,0,0,0,0,0,0
0.1,9928,993,8474,5726,2259,408,70,11,0,0,0,0,0,0,0,0,0,0,0,0,0,0,0
0.125,9928,1241,8052,4900,2472,566,101,11,2,0,0,0,0,0,0,0,0,0,0,0,0,0,0
0.15,9928,1489,7639,4275,2471,722,142,27,2,0,0,0,0,0,0,0,0,0,0,0,0,0,0
0.25,9928,2482,5829,2389,2100,968,292,70,9,0,1,0,0,0,0,0,0,0,0,0,0,0,0
0.01,9953,100,9848,9435,405,8,0,0,0,0,0,0,0,0,0,0,0,0,0,0,0,0,0
0.025,9953,249,9686,8742,898,46,0,0,0,0,0,0,0,0,0,0,0,0,0,0,0,0,0
0.05,9953,498,9393,7694,1531,166,2,0,0,0,0,0,0,0,0,0,0,0,0,0,0,0,0
0.075,9953,746,9113,6802,1961,319,28,3,0,0,0,0,0,0,0,0,0,0,0,0,0,0,0
0.1,9953,995,8832,5967,2319,473,68,5,0,0,0,0,0,0,0,0,0,0,0,0,0,0,0
0.125,9953,1244,8558,5240,2572,631,102,13,0,0,0,0,0,0,0,0,0,0,0,0,0,0,0
0.15,9953,1493,8258,4599,2691,805,141,22,0,0,0,0,0,0,0,0,0,0,0,0,0,0,0
0.25,9953,2488,7083,2791,2605,1208,371,90,14,4,0,0,0,0,0,0,0,0,0,0,0,0,0
0.01,9953,100,9829,9430,390,9,0,0,0,0,0,0,0,0,0,0,0,0,0,0,0,0,0
0.025,9953,249,9642,8676,920,44,2,0,0,0,0,0,0,0,0,0,0,0,0,0,0,0,0
0.05,9953,498,9305,7601,1547,145,11,1,0,0,0,0,0,0,0,0,0,0,0,0,0,0,0
0.075,9953,746,8961,6618,2008,305,28,2,0,0,0,0,0,0,0,0,0,0,0,0,0,0,0
0.1,9953,995,8638,5818,2280,473,61,6,0,0,0,0,0,0,0,0,0,0,0,0,0,0,0
0.125,9953,1244,8299,5069,2502,612,105,10,1,0,0,0,0,0,0,0,0,0,0,0,0,0,0
0.15,9953,1493,7968,4454,2584,764,146,16,4,0,0,0,0,0,0,0,0,0,0,0,0,0,0
0.25,9953,2488,6511,2493,2432,1129,373,69,10,4,0,1,0,0,0,0,0,0,0,0,0,0,0
0.01,9953,100,9835,9431,402,2,0,0,0,0,0,0,0,0,0,0,0,0,0,0,0,0,0
0.025,9953,249,9660,8801,811,48,0,0,0,0,0,0,0,0,0,0,0,0,0,0,0,0,0
0.05,9953,498,9369,7764,1448,144,13,0,0,0,0,0,0,0,0,0,0,0,0,0,0,0,0
0.075,9953,746,9066,6793,1963,280,28,2,0,0,0,0,0,0,0,0,0,0,0,0,0,0,0
0.1,9953,995,8760,5960,2319,422,51,7,1,0,0,0,0,0,0,0,0,0,0,0,0,0,0
0.125,9953,1244,8429,5189,2539,589,100,11,1,0,0,0,0,0,0,0,0,0,0,0,0,0,0
0.15,9953,1493,8098,4536,2659,748,138,16,1,0,0,0,0,0,0,0,0,0,0,0,0,0,0
0.25,9953,2488,6757,2631,2491,1151,383,81,19,1,0,0,0,0,0,0,0,0,0,0,0,0,0
0.01,9953,100,9844,9446,387,10,1,0,0,0,0,0,0,0,0,0,0,0,0,0,0,0,0
0.025,9953,249,9681,8807,826,46,2,0,0,0,0,0,0,0,0,0,0,0,0,0,0,0,0
0.05,9953,498,9405,7765,1500,128,11,1,0,0,0,0,0,0,0,0,0,0,0,0,0,0,0
0.075,9953,746,9121,6861,1924,310,22,4,0,0,0,0,0,0,0,0,0,0,0,0,0,0,0
0.1,9953,995,8829,6035,2274,462,50,8,0,0,0,0,0,0,0,0,0,0,0,0,0,0,0
0.125,9953,1244,8543,5255,2530,645,95,16,2,0,0,0,0,0,0,0,0,0,0,0,0,0,0
0.15,9953,1493,8257,4604,2670,779,179,20,5,0,0,0,0,0,0,0,0,0,0,0,0,0,0
0.25,9953,2488,7087,2734,2619,1224,397,84,23,5,1,0,0,0,0,0,0,0,0,0,0,0,0
0.01,9953,100,9789,9420,361,7,1,0,0,0,0,0,0,0,0,0,0,0,0,0,0,0,0
0.025,9953,249,9523,8583,892,46,2,0,0,0,0,0,0,0,0,0,0,0,0,0,0,0,0
0.05,9953,498,9083,7495,1407,161,19,1,0,0,0,0,0,0,0,0,0,0,0,0,0,0,0
0.075,9953,746,8520,6408,1823,270,17,2,0,0,0,0,0,0,0,0,0,0,0,0,0,0,0
0.1,9953,995,7853,5359,2061,381,47,5,0,0,0,0,0,0,0,0,0,0,0,0,0,0,0
0.125,9953,1244,7164,4476,2107,503,68,10,0,0,0,0,0,0,0,0,0,0,0,0,0,0,0
0.15,9953,1493,6205,3580,1997,514,103,11,0,0,0,0,0,0,0,0,0,0,0,0,0,0,0
0.01,9953,100,9800,9432,358,9,1,0,0,0,0,0,0,0,0,0,0,0,0,0,0,0,0
0.025,9953,249,9571,8708,811,47,5,0,0,0,0,0,0,0,0,0,0,0,0,0,0,0,0
0.05,9953,498,9211,7590,1488,125,7,1,0,0,0,0,0,0,0,0,0,0,0,0,0,0,0
0.075,9953,746,8839,6613,1931,261,29,3,2,0,0,0,0,0,0,0,0,0,0,0,0,0,0
0.1,9953,995,8434,5638,2327,399,68,1,1,0,0,0,0,0,0,0,0,0,0,0,0,0,0
0.125,9953,1244,8051,4887,2479,577,95,12,1,0,0,0,0,0,0,0,0,0,0,0,0,0,0
0.15,9953,1493,7701,4229,2533,782,134,21,2,0,0,0,0,0,0,0,0,0,0,0,0,0,0
0.25,9953,2488,5686,2254,2108,969,288,59,8,0,0,0,0,0,0,0,0,0,0,0,0,0,0
0.01,9953,100,9839,9500,331,7,1,0,0,0,0,0,0,0,0,0,0,0,0,0,0,0,0
0.025,9953,249,9670,8807,823,37,3,0,0,0,0,0,0,0,0,0,0,0,0,0,0,0,0
0.05,9953,498,9384,7729,1481,162,10,2,0,0,0,0,0,0,0,0,0,0,0,0,0,0,0
0.075,9953,746,9103,6807,1960,290,41,4,1,0,0,0,0,0,0,0,0,0,0,0,0,0,0
0.1,9953,995,8821,5988,2292,461,72,6,1,1,0,0,0,0,0,0,0,0,0,0,0,0,0
0.125,9953,1244,8528,5259,2509,635,107,15,3,0,0,0,0,0,0,0,0,0,0,0,0,0,0
0.15,9953,1493,8207,4603,2685,742,147,26,4,0,0,0,0,0,0,0,0,0,0,0,0,0,0
0.25,9953,2488,7018,2677,2659,1220,370,75,13,4,0,0,0,0,0,0,0,0,0,0,0,0,0
0.01,9953,100,9834,9440,384,10,0,0,0,0,0,0,0,0,0,0,0,0,0,0,0,0,0
0.025,9953,249,9665,8744,878,43,0,0,0,0,0,0,0,0,0,0,0,0,0,0,0,0,0
0.05,9953,498,9368,7712,1500,148,8,0,0,0,0,0,0,0,0,0,0,0,0,0,0,0,0
0.075,9953,746,9073,6758,1985,302,25,3,0,0,0,0,0,0,0,0,0,0,0,0,0,0,0
0.1,9953,995,8768,5904,2352,460,45,7,0,0,0,0,0,0,0,0,0,0,0,0,0,0,0
0.125,9953,1244,8465,5144,2581,628,96,14,2,0,0,0,0,0,0,0,0,0,0,0,0,0,0
0.15,9953,1493,8171,4546,2641,807,156,19,2,0,0,0,0,0,0,0,0,0,0,0,0,0,0
0.25,9953,2488,6935,2657,2591,1220,387,66,12,2,0,0,0,0,0,0,0,0,0,0,0,0,0
0.01,9953,100,9839,9466,369,4,0,0,0,0,0,0,0,0,0,0,0,0,0,0,0,0,0
0.025,9953,249,9670,8738,901,30,1,0,0,0,0,0,0,0,0,0,0,0,0,0,0,0,0
0.05,9953,498,9391,7660,1581,141,9,0,0,0,0,0,0,0,0,0,0,0,0,0,0,0,0
0.075,9953,746,9105,6751,2051,272,30,1,0,0,0,0,0,0,0,0,0,0,0,0,0,0,0
0.1,9953,995,8808,5923,2384,433,59,6,3,0,0,0,0,0,0,0,0,0,0,0,0,0,0
0.125,9953,1244,8520,5192,2623,583,106,15,1,0,0,0,0,0,0,0,0,0,0,0,0,0,0
0.15,9953,1493,8237,4578,2716,763,160,18,2,0,0,0,0,0,0,0,0,0,0,0,0,0,0
0.25,9953,2488,7073,2689,2656,1215,402,84,23,4,0,0,0,0,0,0,0,0,0,0,0,0,0
0.01,9953,100,9830,9428,392,10,0,0,0,0,0,0,0,0,0,0,0,0,0,0,0,0,0
0.025,9953,249,9628,8697,894,36,1,0,0,0,0,0,0,0,0,0,0,0,0,0,0,0,0
0.05,9953,498,9290,7611,1515,148,15,1,0,0,0,0,0,0,0,0,0,0,0,0,0,0,0
0.075,9953,746,8938,6664,1928,315,30,0,1,0,0,0,0,0,0,0,0,0,0,0,0,0,0
0.1,9953,995,8583,5823,2254,435,66,5,0,0,0,0,0,0,0,0,0,0,0,0,0,0,0
0.125,9953,1244,8239,5046,2520,578,81,13,1,0,0,0,0,0,0,0,0,0,0,0,0,0,0
0.15,9953,1493,7821,4388,2571,710,132,15,4,1,0,0,0,0,0,0,0,0,0,0,0,0,0
0.25,9953,2488,6124,2393,2320,1018,306,73,12,2,0,0,0,0,0,0,0,0,0,0,0,0,0
0.01,9923,99,9805,9403,391,10,1,0,0,0,0,0,0,0,0,0,0,0,0,0,0,0,0
0.025,9923,248,9635,8700,877,58,0,0,0,0,0,0,0,0,0,0,0,0,0,0,0,0,0
0.05,9923,496,9345,7625,1552,158,10,0,0,0,0,0,0,0,0,0,0,0,0,0,0,0,0
0.075,9923,744,9059,6690,2071,278,20,0,0,0,0,0,0,0,0,0,0,0,0,0,0,0,0
0.1,9923,992,8778,5869,2392,443,71,3,0,0,0,0,0,0,0,0,0,0,0,0,0,0,0
0.125,9923,1240,8481,5158,2571,627,113,10,2,0,0,0,0,0,0,0,0,0,0,0,0,0,0
0.15,9923,1488,8178,4506,2709,778,156,25,2,2,0,0,0,0,0,0,0,0,0,0,0,0,0
0.25,9923,2481,6912,2619,2579,1262,363,74,14,1,0,0,0,0,0,0,0,0,0,0,0,0,0
0.01,9923,99,9812,9425,380,7,0,0,0,0,0,0,0,0,0,0,0,0,0,0,0,0,0
0.025,9923,248,9622,8728,855,38,1,0,0,0,0,0,0,0,0,0,0,0,0,0,0,0,0
0.05,9923,496,9336,7673,1486,171,6,0,0,0,0,0,0,0,0,0,0,0,0,0,0,0,0
0.075,9923,744,9033,6692,1996,311,33,1,0,0,0,0,0,0,0,0,0,0,0,0,0,0,0
0.1,9923,992,8730,5874,2299,486,68,3,0,0,0,0,0,0,0,0,0,0,0,0,0,0,0
0.125,9923,1240,8436,5126,2516,671,110,13,0,0,0,0,0,0,0,0,0,0,0,0,0,0,0
0.15,9923,1488,8143,4487,2636,847,148,19,6,0,0,0,0,0,0,0,0,0,0,0,0,0,0
0.25,9923,2481,6910,2636,2538,1203,417,88,26,2,0,0,0,0,0,0,0,0,0,0,0,0,0
0.01,9923,99,9815,9415,388,12,0,0,0,0,0,0,0,0,0,0,0,0,0,0,0,0,0
0.025,9923,248,9651,8693,916,39,3,0,0,0,0,0,0,0,0,0,0,0,0,0,0,0,0
0.05,9923,496,9365,7644,1551,155,15,0,0,0,0,0,0,0,0,0,0,0,0,0,0,0,0
0.075,9923,744,9093,6706,2042,306,34,3,2,0,0,0,0,0,0,0,0,0,0,0,0,0,0
0.1,9923,992,8804,5925,2379,432,62,5,1,0,0,0,0,0,0,0,0,0,0,0,0,0,0
0.125,9923,1240,8509,5180,2573,640,102,12,2,0,0,0,0,0,0,0,0,0,0,0,0,0,0
0.15,9923,1488,8223,4575,2688,778,156,20,5,1,0,0,0,0,0,0,0,0,0,0,0,0,0
0.25,9923,2481,7034,2671,2593,1282,360,107,14,6,1,0,0,0,0,0,0,0,0,0,0,0,0
0.01,9923,99,9765,9354,395,16,0,0,0,0,0,0,0,0,0,0,0,0,0,0,0,0,0
0.025,9923,248,9509,8590,856,60,3,0,0,0,0,0,0,0,0,0,0,0,0,0,0,0,0
0.05,9923,496,9055,7404,1501,141,9,0,0,0,0,0,0,0,0,0,0,0,0,0,0,0,0
0.075,9923,744,8557,6329,1916,280,29,3,0,0,0,0,0,0,0,0,0,0,0,0,0,0,0
0.1,9923,992,7991,5438,2102,389,52,10,0,0,0,0,0,0,0,0,0,0,0,0,0,0,0
0.125,9923,1240,7423,4646,2189,497,81,9,0,1,0,0,0,0,0,0,0,0,0,0,0,0,0
0.15,9923,1488,6872,3963,2157,631,110,9,2,0,0,0,0,0,0,0,0,0,0,0,0,0,0
0.01,9923,99,9783,9357,418,8,0,0,0,0,0,0,0,0,0,0,0,0,0,0,0,0,0
0.025,9923,248,9551,8606,906,39,0,0,0,0,0,0,0,0,0,0,0,0,0,0,0,0,0
0.05,9923,496,9051,7446,1447,144,14,0,0,0,0,0,0,0,0,0,0,0,0,0,0,0,0
0.075,9923,744,8540,6319,1921,263,35,2,0,0,0,0,0,0,0,0,0,0,0,0,0,0,0
0.1,9923,992,8067,5444,2136,433,53,1,0,0,0,0,0,0,0,0,0,0,0,0,0,0,0
0.125,9923,1240,7597,4718,2242,530,97,8,2,0,0,0,0,0,0,0,0,0,0,0,0,0,0
0.15,9923,1488,7076,3998,2316,618,127,16,0,1,0,0,0,0,0,0,0,0,0,0,0,0,0
0.01,9923,99,9817,9433,375,9,0,0,0,0,0,0,0,0,0,0,0,0,0,0,0,0,0
0.025,9923,248,9647,8777,825,45,0,0,0,0,0,0,0,0,0,0,0,0,0,0,0,0,0
0.05,9923,496,9360,7747,1463,139,11,0,0,0,0,0,0,0,0,0,0,0,0,0,0,0,0
0.075,9923,744,9088,6801,1964,292,29,1,1,0,0,0,0,0,0,0,0,0,0,0,0,0,0
0.1,9923,992,8792,5968,2325,444,50,4,1,0,0,0,0,0,0,0,0,0,0,0,0,0,0
0.125,9923,1240,8524,5212,2590,617,96,8,1,0,0,0,0,0,0,0,0,0,0,0,0,0,0
0.15,9923,1488,8239,4579,2686,821,131,21,0,1,0,0,0,0,0,0,0,0,0,0,0,0,0
0.25,9923,2481,7054,2642,2633,1288,374,94,19,4,0,0,0,0,0,0,0,0,0,0,0,0,0
0.01,9923,99,9814,9406,400,8,0,0,0,0,0,0,0,0,0,0,0,0,0,0,0,0,0
0.025,9923,248,9646,8715,883,47,1,0,0,0,0,0,0,0,0,0,0,0,0,0,0,0,0
0.05,9923,496,9371,7654,1567,140,10,0,0,0,0,0,0,0,0,0,0,0,0,0,0,0,0
0.075,9923,744,9097,6739,2016,305,35,2,0,0,0,0,0,0,0,0,0,0,0,0,0,0,0
0.1,9923,992,8811,5927,2379,429,67,8,1,0,0,0,0,0,0,0,0,0,0,0,0,0,0
0.125,9923,1240,8535,5191,2609,619,99,15,2,0,0,0,0,0,0,0,0,0,0,0,0,0,0
0.15,9923,1488,8251,4572,2703,777,171,27,0,1,0,0,0,0,0,0,0,0,0,0,0,0,0
0.25,9923,2481,7096,2688,2616,1286,397,83,21,5,0,0,0,0,0,0,0,0,0,0,0,0,0
0.01,9923,99,9812,9437,360,15,0,0,0,0,0,0,0,0,0,0,0,0,0,0,0,0,0
0.025,9923,248,9617,8654,914,48,1,0,0,0,0,0,0,0,0,0,0,0,0,0,0,0,0
0.05,9923,496,9308,7567,1574,151,16,0,0,0,0,0,0,0,0,0,0,0,0,0,0,0,0
0.075,9923,744,8991,6579,2073,297,40,1,1,0,0,0,0,0,0,0,0,0,0,0,0,0,0
0.1,9923,992,8662,5746,2359,464,86,7,0,0,0,0,0,0,0,0,0,0,0,0,0,0,0
0.125,9923,1240,8295,5001,2554,629,101,10,0,0,0,0,0,0,0,0,0,0,0,0,0,0,0
0.15,9923,1488,7964,4399,2621,766,157,20,1,0,0,0,0,0,0,0,0,0,0,0,0,0,0
0.25,9923,2481,6557,2563,2419,1101,376,87,8,2,0,1,0,0,0,0,0,0,0,0,0,0,0
0.01,9923,99,9795,9391,399,5,0,0,0,0,0,0,0,0,0,0,0,0,0,0,0,0,0
0.025,9923,248,9617,8735,830,51,1,0,0,0,0,0,0,0,0,0,0,0,0,0,0,0,0
0.05,9923,496,9304,7683,1462,155,4,0,0,0,0,0,0,0,0,0,0,0,0,0,0,0,0
0.075,9923,744,8980,6739,1965,252,24,0,0,0,0,0,0,0,0,0,0,0,0,0,0,0,0
0.1,9923,992,8632,5898,2258,408,65,3,0,0,0,0,0,0,0,0,0,0,0,0,0,0,0
0.125,9923,1240,8268,5108,2473,582,94,10,1,0,0,0,0,0,0,0,0,0,0,0,0,0,0
0.15,9923,1488,7937,4468,2573,727,147,17,4,0,1,0,0,0,0,0,0,0,0,0,0,0,0
0.25,9923,2481,6505,2502,2441,1094,380,79,7,1,1,0,0,0,0,0,0,0,0,0,0,0,0
0.01,9923,99,9809,9421,380,8,0,0,0,0,0,0,0,0,0,0,0,0,0,0,0,0,0
0.025,9923,248,9624,8705,882,35,2,0,0,0,0,0,0,0,0,0,0,0,0,0,0,0,0
0.05,9923,496,9313,7679,1505,122,7,0,0,0,0,0,0,0,0,0,0,0,0,0,0,0,0
0.075,9923,744,9005,6757,1964,262,21,1,0,0,0,0,0,0,0,0,0,0,0,0,0,0,0
0.1,9923,992,8705,5902,2323,421,54,5,0,0,0,0,0,0,0,0,0,0,0,0,0,0,0
0.125,9923,1240,8396,5142,2578,559,107,9,1,0,0,0,0,0,0,0,0,0,0,0,0,0,0
0.15,9923,1488,8057,4462,2658,767,154,14,2,0,0,0,0,0,0,0,0,0,0,0,0,0,0
0.25,9923,2481,6703,2583,2453,1176,373,102,13,3,0,0,0,0,0,0,0,0,0,0,0,0,0
0.01,9944,99,9792,9375,414,3,0,0,0,0,0,0,0,0,0,0,0,0,0,0,0,0,0
0.025,9944,249,9572,8641,876,51,3,1,0,0,0,0,0,0,0,0,0,0,0,0,0,0,0
0.05,9944,497,9129,7548,1425,146,10,0,0,0,0,0,0,0,0,0,0,0,0,0,0,0,0
0.075,9944,746,8651,6463,1910,255,21,2,0,0,0,0,0,0,0,0,0,0,0,0,0,0,0
0.1,9944,994,8178,5539,2160,424,52,3,0,0,0,0,0,0,0,0,0,0,0,0,0,0,0
0.125,9944,1243,7683,4748,2281,560,85,8,1,0,0,0,0,0,0,0,0,0,0,0,0,0,0
0.15,9944,1492,7204,4047,2358,650,130,18,1,0,0,0,0,0,0,0,0,0,0,0,0,0,0
0.01,9944,99,9809,9432,370,7,0,0,0,0,0,0,0,0,0,0,0,0,0,0,0,0,0
0.025,9944,249,9605,8701,866,37,1,0,0,0,0,0,0,0,0,0,0,0,0,0,0,0,0
0.05,9944,497,9235,7636,1449,141,9,0,0,0,0,0,0,0,0,0,0,0,0,0,0,0,0
0.075,9944,746,8890,6629,1945,283,32,1,0,0,0,0,0,0,0,0,0,0,0,0,0,0,0
0.1,9944,994,8553,5776,2280,426,65,6,0,0,0,0,0,0,0,0,0,0,0,0,0,0,0
0.125,9944,1243,8159,5057,2428,559,102,13,0,0,0,0,0,0,0,0,0,0,0,0,0,0,0
0.15,9944,1492,7796,4377,2529,726,139,24,1,0,0,0,0,0,0,0,0,0,0,0,0,0,0
0.25,9944,2486,6320,2463,2309,1127,332,76,12,1,0,0,0,0,0,0,0,0,0,0,0,0,0
0.01,9944,99,9821,9439,376,6,0,0,0,0,0,0,0,0,0,0,0,0,0,0,0,0,0
0.025,9944,249,9642,8683,913,45,1,0,0,0,0,0,0,0,0,0,0,0,0,0,0,0,0
0.05,9944,497,9357,7672,1530,145,8,2,0,0,0,0,0,0,0,0,0,0,0,0,0,0,0
0.075,9944,746,9057,6757,1991,277,30,2,0,0,0,0,0,0,0,0,0,0,0,0,0,0,0
0.1,9944,994,8744,5929,2323,426,57,9,0,0,0,0,0,0,0,0,0,0,0,0,0,0,0
0.125,9944,1243,8397,5164,2525,601,93,13,1,0,0,0,0,0,0,0,0,0,0,0,0,0,0
0.15,9944,1492,8065,4492,2638,775,139,20,1,0,0,0,0,0,0,0,0,0,0,0,0,0,0
0.25,9944,2486,6700,2573,2520,1123,375,92,16,1,0,0,0,0,0,0,0,0,0,0,0,0,0
0.01,9944,99,9834,9441,385,8,0,0,0,0,0,0,0,0,0,0,0,0,0,0,0,0,0
0.025,9944,249,9657,8715,900,41,1,0,0,0,0,0,0,0,0,0,0,0,0,0,0,0,0
0.05,9944,497,9366,7739,1474,144,9,0,0,0,0,0,0,0,0,0,0,0,0,0,0,0,0
0.075,9944,746,9063,6771,1980,287,22,3,0,0,0,0,0,0,0,0,0,0,0,0,0,0,0
0.1,9944,994,8766,5963,2302,432,63,6,0,0,0,0,0,0,0,0,0,0,0,0,0,0,0
0.125,9944,1243,8458,5242,2502,602,95,16,1,0,0,0,0,0,0,0,0,0,0,0,0,0,0
0.15,9944,1492,8144,4560,2656,746,152,26,4,0,0,0,0,0,0,0,0,0,0,0,0,0,0
0.25,9944,2486,6876,2658,2559,1211,321,102,21,4,0,0,0,0,0,0,0,0,0,0,0,0,0
0.01,9944,99,9824,9471,350,3,0,0,0,0,0,0,0,0,0,0,0,0,0,0,0,0,0
0.025,9944,249,9646,8753,853,39,1,0,0,0,0,0,0,0,0,0,0,0,0,0,0,0,0
0.05,9944,497,9354,7704,1515,131,4,0,0,0,0,0,0,0,0,0,0,0,0,0,0,0,0
0.075,9944,746,9056,6743,1991,294,26,2,0,0,0,0,0,0,0,0,0,0,0,0,0,0,0
0.1,9944,994,8745,5867,2342,473,59,4,0,0,0,0,0,0,0,0,0,0,0,0,0,0,0
0.125,9944,1243,8445,5130,2553,641,109,11,1,0,0,0,0,0,0,0,0,0,0,0,0,0,0
0.15,9944,1492,8134,4516,2627,799,172,16,3,1,0,0,0,0,0,0,0,0,0,0,0,0,0
0.25,9944,2486,6907,2701,2500,1217,383,85,17,4,0,0,0,0,0,0,0,0,0,0,0,0,0
0.01,9944,99,9834,9431,397,6,0,0,0,0,0,0,0,0,0,0,0,0,0,0,0,0,0
0.025,9944,249,9671,8736,891,42,2,0,0,0,0,0,0,0,0,0,0,0,0,0,0,0,0
0.05,9944,497,9367,7692,1500,161,13,1,0,0,0,0,0,0,0,0,0,0,0,0,0,0,0
0.075,9944,746,9063,6740,1993,293,36,1,0,0,0,0,0,0,0,0,0,0,0,0,0,0,0
0.1,9944,994,8751,5923,2312,431,79,6,0,0,0,0,0,0,0,0,0,0,0,0,0,0,0
0.125,9944,1243,8457,5200,2513,618,110,14,1,1,0,0,0,0,0,0,0,0,0,0,0,0,0
0.15,9944,1492,8168,4565,2656,761,161,23,1,1,0,0,0,0,0,0,0,0,0,0,0,0,0
0.25,9944,2486,6958,2708,2539,1210,390,87,16,7,1,0,0,0,0,0,0,0,0,0,0,0,0
0.01,9944,99,9834,9435,392,6,1,0,0,0,0,0,0,0,0,0,0,0,0,0,0,0,0
0.025,9944,249,9656,8734,878,43,1,0,0,0,0,0,0,0,0,0,0,0,0,0,0,0,0
0.05,9944,497,9371,7680,1519,153,18,1,0,0,0,0,0,0,0,0,0,0,0,0,0,0,0
0.075,9944,746,9057,6713,2021,286,36,1,0,0,0,0,0,0,0,0,0,0,0,0,0,0,0
0.1,9944,994,8747,5920,2282,477,63,5,0,0,0,0,0,0,0,0,0,0,0,0,0,0,0
0.125,9944,1243,8448,5237,2469,630,99,12,1,0,0,0,0,0,0,0,0,0,0,0,0,0,0
0.15,9944,1492,8140,4583,2613,779,142,22,1,0,0,0,0,0,0,0,0,0,0,0,0,0,0
0.25,9944,2486,6897,2650,2556,1230,357,84,16,4,0,0,0,0,0,0,0,0,0,0,0,0,0
0.01,9944,99,9800,9391,403,6,0,0,0,0,0,0,0,0,0,0,0,0,0,0,0,0,0
0.025,9944,249,9553,8622,882,47,2,0,0,0,0,0,0,0,0,0,0,0,0,0,0,0,0
0.05,9944,497,9164,7509,1487,162,6,0,0,0,0,0,0,0,0,0,0,0,0,0,0,0,0
0.075,9944,746,8607,6412,1906,258,31,0,0,0,0,0,0,0,0,0,0,0,0,0,0,0,0
0.1,9944,994,8199,5547,2188,401,60,3,0,0,0,0,0,0,0,0,0,0,0,0,0,0,0
0.125,9944,1243,7617,4725,2259,539,79,14,1,0,0,0,0,0,0,0,0,0,0,0,0,0,0
0.15,9944,1492,6997,3972,2243,646,115,18,3,0,0,0,0,0,0,0,0,0,0,0,0,0,0
0.01,9944,99,9836,9445,382,9,0,0,0,0,0,0,0,0,0,0,0,0,0,0,0,0,0
0.025,9944,249,9676,8736,896,43,1,0,0,0,0,0,0,0,0,0,0,0,0,0,0,0,0
0.05,9944,497,9401,7729,1516,148,8,0,0,0,0,0,0,0,0,0,0,0,0,0,0,0,0
0.075,9944,746,9125,6813,2004,275,29,3,1,0,0,0,0,0,0,0,0,0,0,0,0,0,0
0.1,9944,994,8843,6004,2366,409,57,5,2,0,0,0,0,0,0,0,0,0,0,0,0,0,0
0.125,9944,1243,8554,5270,2559,619,90,13,3,0,0,0,0,0,0,0,0,0,0,0,0,0,0
0.15,9944,1492,8268,4644,2702,755,142,23,2,0,0,0,0,0,0,0,0,0,0,0,0,0,0
0.25,9944,2486,7041,2719,2628,1222,379,72,17,4,0,0,0,0,0,0,0,0,0,0,0,0,0
0.01,9944,99,9835,9482,340,13,0,0,0,0,0,0,0,0,0,0,0,0,0,0,0,0,0
0.025,9944,249,9661,8778,833,50,0,0,0,0,0,0,0,0,0,0,0,0,0,0,0,0,0
0.05,9944,497,9379,7707,1508,157,7,0,0,0,0,0,0,0,0,0,0,0,0,0,0,0,0
0.075,9944,746,9094,6788,2005,277,21,3,0,0,0,0,0,0,0,0,0,0,0,0,0,0,0
0.1,9944,994,8820,6015,2318,433,49,4,0,1,0,0,0,0,0,0,0,0,0,0,0,0,0
0.125,9944,1243,8534,5268,2541,620,89,15,0,0,1,0,0,0,0,0,0,0,0,0,0,0,0
0.15,9944,1492,8250,4631,2688,763,143,23,2,0,0,0,0,0,0,0,0,0,0,0,0,0,0
0.25,9944,2486,7053,2714,2636,1196,405,90,12,0,0,0,0,0,0,0,0,0,0,0,0,0,0
0.01,9935,99,9834,9426,401,7,0,0,0,0,0,0,0,0,0,0,0,0,0,0,0,0,0
0.025,9935,248,9659,8738,869,50,2,0,0,0,0,0,0,0,0,0,0,0,0,0,0,0,0
0.05,9935,497,9377,7706,1494,163,12,2,0,0,0,0,0,0,0,0,0,0,0,0,0,0,0
0.075,9935,745,9085,6744,2002,302,28,7,2,0,0,0,0,0,0,0,0,0,0,0,0,0,0
0.1,9935,994,8808,5932,2367,425,71,13,0,0,0,0,0,0,0,0,0,0,0,0,0,0,0
0.125,9935,1242,8505,5195,2586,595,108,20,1,0,0,0,0,0,0,0,0,0,0,0,0,0,0
0.15,9935,1490,8217,4564,2695,778,150,29,1,0,0,0,0,0,0,0,0,0,0,0,0,0,0
0.25,9935,2484,6987,2711,2550,1226,382,92,23,2,1,0,0,0,0,0,0,0,0,0,0,0,0
0.01,9935,99,9813,9392,413,8,0,0,0,0,0,0,0,0,0,0,0,0,0,0,0,0,0
0.025,9935,248,9631,8707,882,42,0,0,0,0,0,0,0,0,0,0,0,0,0,0,0,0,0
0.05,9935,497,9322,7604,1557,154,7,0,0,0,0,0,0,0,0,0,0,0,0,0,0,0,0
0.075,9935,745,9001,6647,2009,315,29,1,0,0,0,0,0,0,0,0,0,0,0,0,0,0,0
0.1,9935,994,8682,5829,2298,484,68,3,0,0,0,0,0,0,0,0,0,0,0,0,0,0,0
0.125,9935,1242,8375,5093,2516,625,132,8,1,0,0,0,0,0,0,0,0,0,0,0,0,0,0
0.15,9935,1490,8040,4407,2662,790,156,23,1,1,0,0,0,0,0,0,0,0,0,0,0,0,0
0.25,9935,2484,6690,2587,2467,1175,349,96,14,2,0,0,0,0,0,0,0,0,0,0,0,0,0
0.01,9935,99,9821,9432,378,11,0,0,0,0,0,0,0,0,0,0,0,0,0,0,0,0,0
0.025,9935,248,9658,8705,912,40,1,0,0,0,0,0,0,0,0,0,0,0,0,0,0,0,0
0.05,9935,497,9376,7680,1525,166,5,0,0,0,0,0,0,0,0,0,0,0,0,0,0,0,0
0.075,9935,745,9105,6764,2030,287,21,3,0,0,0,0,0,0,0,0,0,0,0,0,0,0,0
0.1,9935,994,8829,5917,2370,478,57,7,0,0,0,0,0,0,0,0,0,0,0,0,0,0,0
0.125,9935,1242,8550,5191,2580,659,105,12,3,0,0,0,0,0,0,0,0,0,0,0,0,0,0
0.15,9935,1490,8267,4531,2768,795,146,21,5,1,0,0,0,0,0,0,0,0,0,0,0,0,0
0.25,9935,2484,7125,2671,2670,1297,368,93,22,3,1,0,0,0,0,0,0,0,0,0,0,0,0
0.01,9935,99,9780,9377,395,8,0,0,0,0,0,0,0,0,0,0,0,0,0,0,0,0,0
0.025,9935,248,9542,8623,858,59,2,0,0,0,0,0,0,0,0,0,0,0,0,0,0,0,0
0.05,9935,497,9014,7365,1520,122,7,0,0,0,0,0,0,0,0,0,0,0,0,0,0,0,0
0.075,9935,745,8545,6319,1906,292,28,0,0,0,0,0,0,0,0,0,0,0,0,0,0,0,0
0.1,9935,994,8027,5356,2176,424,62,9,0,0,0,0,0,0,0,0,0,0,0,0,0,0,0
0.125,9935,1242,7454,4577,2236,544,80,15,2,0,0,0,0,0,0,0,0,0,0,0,0,0,0
0.15,9935,1490,6776,3833,2169,636,120,16,2,0,0,0,0,0,0,0,0,0,0,0,0,0,0
0.01,9935,99,9818,9405,407,5,1,0,0,0,0,0,0,0,0,0,0,0,0,0,0,0,0
0.025,9935,248,9621,8697,880,44,0,0,0,0,0,0,0,0,0,0,0,0,0,0,0,0,0
0.05,9935,497,9314,7536,1610,152,15,1,0,0,0,0,0,0,0,0,0,0,0,0,0,0,0
0.075,9935,745,8982,6637,2022,292,31,0,0,0,0,0,0,0,0,0,0,0,0,0,0,0,0
0.1,9935,994,8672,5791,2362,461,56,2,0,0,0,0,0,0,0,0,0,0,0,0,0,0,0
0.125,9935,1242,8333,5062,2558,593,110,9,1,0,0,0,0,0,0,0,0,0,0,0,0,0,0
0.15,9935,1490,7969,4444,2610,742,154,19,0,0,0,0,0,0,0,0,0,0,0,0,0,0,0
0.25,9935,2484,6431,2503,2351,1124,342,90,17,4,0,0,0,0,0,0,0,0,0,0,0,0,0
0.01,9935,99,9809,9437,364,8,0,0,0,0,0,0,0,0,0,0,0,0,0,0,0,0,0
0.025,9935,248,9635,8746,851,36,2,0,0,0,0,0,0,0,0,0,0,0,0,0,0,0,0
0.05,9935,497,9336,7613,1565,145,11,2,0,0,0,0,0,0,0,0,0,0,0,0,0,0,0
0.075,9935,745,9034,6639,2067,298,26,4,0,0,0,0,0,0,0,0,0,0,0,0,0,0,0
0.1,9935,994,8714,5797,2388,460,59,8,2,0,0,0,0,0,0,0,0,0,0,0,0,0,0
0.125,9935,1242,8409,5041,2622,634,101,9,1,1,0,0,0,0,0,0,0,0,0,0,0,0,0
0.15,9935,1490,8098,4447,2663,819,147,18,3,0,1,0,0,0,0,0,0,0,0,0,0,0,0
0.25,9935,2484,6804,2604,2487,1205,390,99,16,3,0,0,0,0,0,0,0,0,0,0,0,0,0
0.01,9935,99,9793,9421,367,4,1,0,0,0,0,0,0,0,0,0,0,0,0,0,0,0,0
0.025,9935,248,9574,8674,862,37,1,0,0,0,0,0,0,0,0,0,0,0,0,0,0,0,0
0.05,9935,497,9199,7568,1453,170,7,1,0,0,0,0,0,0,0,0,0,0,0,0,0,0,0
0.075,9935,745,8811,6581,1904,290,36,0,0,0,0,0,0,0,0,0,0,0,0,0,0,0,0
0.1,9935,994,8377,5701,2171,439,57,8,1,0,0,0,0,0,0,0,0,0,0,0,0,0,0
0.125,9935,1242,7948,4927,2323,586,104,5,3,0,0,0,0,0,0,0,0,0,0,0,0,0,0
0.15,9935,1490,7429,4228,2344,699,141,15,2,0,0,0,0,0,0,0,0,0,0,0,0,0,0
0.25,9935,2484,4869,1988,1781,801,248,42,8,1,0,0,0,0,0,0,0,0,0,0,0,0,0
0.01,9935,99,9788,9394,388,6,0,0,0,0,0,0,0,0,0,0,0,0,0,0,0,0,0
0.025,9935,248,9575,8707,813,53,2,0,0,0,0,0,0,0,0,0,0,0,0,0,0,0,0
0.05,9935,497,9196,7532,1515,139,10,0,0,0,0,0,0,0,0,0,0,0,0,0,0,0,0
0.075,9935,745,8836,6520,1995,297,24,0,0,0,0,0,0,0,0,0,0,0,0,0,0,0,0
0.1,9935,994,8461,5670,2294,423,67,5,2,0,0,0,0,0,0,0,0,0,0,0,0,0,0
0.125,9935,1242,8061,4961,2405,583,101,11,0,0,0,0,0,0,0,0,0,0,0,0,0,0,0
0.15,9935,1490,7605,4246,2493,702,142,17,5,0,0,0,0,0,0,0,0,0,0,0,0,0,0
0.25,9935,2484,5611,2256,2079,907,274,79,13,3,0,0,0,0,0,0,0,0,0,0,0,0,0
0.01,9935,99,9819,9367,447,5,0,0,0,0,0,0,0,0,0,0,0,0,0,0,0,0,0
0.025,9935,248,9655,8658,951,45,1,0,0,0,0,0,0,0,0,0,0,0,0,0,0,0,0
0.05,9935,497,9378,7632,1550,182,14,0,0,0,0,0,0,0,0,0,0,0,0,0,0,0,0
0.075,9935,745,9098,6721,2031,300,38,8,0,0,0,0,0,0,0,0,0,0,0,0,0,0,0
0.1,9935,994,8816,5887,2359,483,78,8,1,0,0,0,0,0,0,0,0,0,0,0,0,0,0
0.125,9935,1242,8543,5149,2590,666,116,20,2,0,0,0,0,0,0,0,0,0,0,0,0,0,0
0.15,9935,1490,8258,4506,2735,806,177,31,3,0,0,0,0,0,0,0,0,0,0,0,0,0,0
0.25,9935,2484,7106,2645,2662,1226,455,93,20,4,1,0,0,0,0,0,0,0,0,0,0,0,0
0.01,9935,99,9819,9469,348,2,0,0,0,0,0,0,0,0,0,0,0,0,0,0,0,0,0
0.025,9935,248,9654,8825,788,40,1,0,0,0,0,0,0,0,0,0,0,0,0,0,0,0,0
0.05,9935,497,9340,7656,1537,138,9,0,0,0,0,0,0,0,0,0,0,0,0,0,0,0,0
0.075,9935,745,9044,6712,1998,301,33,0,0,0,0,0,0,0,0,0,0,0,0,0,0,0,0
0.1,9935,994,8766,5910,2327,453,70,6,0,0,0,0,0,0,0,0,0,0,0,0,0,0,0
0.125,9935,1242,8463,5209,2498,632,114,9,1,0,0,0,0,0,0,0,0,0,0,0,0,0,0
0.15,9935,1490,8163,4552,2659,768,158,26,0,0,0,0,0,0,0,0,0,0,0,0,0,0,0
0.25,9935,2484,6932,2668,2541,1222,380,97,18,5,1,0,0,0,0,0,0,0,0,0,0,0,0
0.01,9937,99,9807,9413,387,7,0,0,0,0,0,0,0,0,0,0,0,0,0,0,0,0,0
0.025,9937,248,9616,8686,891,37,2,0,0,0,0,0,0,0,0,0,0,0,0,0,0,0,0
0.05,9937,497,9262,7632,1476,144,9,1,0,0,0,0,0,0,0,0,0,0,0,0,0,0,0
0.075,9937,745,8911,6677,1916,284,33,1,0,0,0,0,0,0,0,0,0,0,0,0,0,0,0
0.1,9937,994,8584,5832,2243,444,61,2,1,1,0,0,0,0,0,0,0,0,0,0,0,0,0
0.125,9937,1242,8217,5096,2418,602,91,8,2,0,0,0,0,0,0,0,0,0,0,0,0,0,0
0.15,9937,1491,7851,4445,2526,731,131,13,5,0,0,0,0,0,0,0,0,0,0,0,0,0,0
0.25,9937,2484,6198,2425,2262,1086,324,87,13,1,0,0,0,0,0,0,0,0,0,0,0,0,0
0.01,9937,99,9830,9448,373,9,0,0,0,0,0,0,0,0,0,0,0,0,0,0,0,0,0
0.025,9937,248,9654,8747,867,36,4,0,0,0,0,0,0,0,0,0,0,0,0,0,0,0,0
0.05,9937,497,9367,7647,1544,161,15,0,0,0,0,0,0,0,0,0,0,0,0,0,0,0,0
0.075,9937,745,9078,6737,2010,312,17,2,0,0,0,0,0,0,0,0,0,0,0,0,0,0,0
0.1,9937,994,8782,5881,2355,482,58,5,1,0,0,0,0,0,0,0,0,0,0,0,0,0,0
0.125,9937,1242,8484,5121,2586,649,116,10,2,0,0,0,0,0,0,0,0,0,0,0,0,0,0
0.15,9937,1491,8187,4483,2709,808,160,23,3,1,0,0,0,0,0,0,0,0,0,0,0,0,0
0.25,9937,2484,6969,2636,2648,1187,379,104,12,3,0,0,0,0,0,0,0,0,0,0,0,0,0
0.01,9937,99,9814,9403,405,6,0,0,0,0,0,0,0,0,0,0,0,0,0,0,0,0,0
0.025,9937,248,9575,8663,871,39,2,0,0,0,0,0,0,0,0,0,0,0,0,0,0,0,0
0.05,9937,497,9221,7600,1472,144,5,0,0,0,0,0,0,0,0,0,0,0,0,0,0,0,0
0.075,9937,745,8849,6566,1971,286,24,2,0,0,0,0,0,0,0,0,0,0,0,0,0,0,0
0.1,9937,994,8452,5725,2232,416,71,8,0,0,0,0,0,0,0,0,0,0,0,0,0,0,0
0.125,9937,1242,8058,4934,2465,546,96,17,0,0,0,0,0,0,0,0,0,0,0,0,0,0,0
0.15,9937,1491,7671,4274,2546,691,140,16,4,0,0,0,0,0,0,0,0,0,0,0,0,0,0
0.25,9937,2484,5721,2262,2153,946,284,67,8,1,0,0,0,0,0,0,0,0,0,0,0,0,0
0.01,9937,99,9824,9448,370,6,0,0,0,0,0,0,0,0,0,0,0,0,0,0,0,0,0
0.025,9937,248,9660,8789,821,48,2,0,0,0,0,0,0,0,0,0,0,0,0,0,0,0,0
0.05,9937,497,9369,7720,1493,150,6,0,0,0,0,0,0,0,0,0,0,0,0,0,0,0,0
0.075,9937,745,9080,6775,1987,291,26,1,0,0,0,0,0,0,0,0,0,0,0,0,0,0,0
0.1,9937,994,8794,5927,2313,489,60,5,0,0,0,0,0,0,0,0,0,0,0,0,0,0,0
0.125,9937,1242,8506,5224,2515,650,103,12,2,0,0,0,0,0,0,0,0,0,0,0,0,0,0
0.15,9937,1491,8204,4549,2639,833,155,25,3,0,0,0,0,0,0,0,0,0,0,0,0,0,0
0.25,9937,2484,7005,2670,2586,1264,380,83,16,5,1,0,0,0,0,0,0,0,0,0,0,0,0
0.01,9937,99,9827,9470,350,7,0,0,0,0,0,0,0,0,0,0,0,0,0,0,0,0,0
0.025,9937,248,9657,8793,810,53,1,0,0,0,0,0,0,0,0,0,0,0,0,0,0,0,0
0.05,9937,497,9350,7640,1543,157,10,0,0,0,0,0,0,0,0,0,0,0,0,0,0,0,0
0.075,9937,745,9050,6704,2000,313,30,3,0,0,0,0,0,0,0,0,0,0,0,0,0,0,0
0.1,9937,994,8716,5859,2340,456,54,7,0,0,0,0,0,0,0,0,0,0,0,0,0,0,0
0.125,9937,1242,8412,5100,2600,605,101,5,1,0,0,0,0,0,0,0,0,0,0,0,0,0,0
0.15,9937,1491,8091,4464,2684,761,155,21,6,0,0,0,0,0,0,0,0,0,0,0,0,0,0
0.25,9937,2484,6800,2582,2559,1201,360,81,15,2,0,0,0,0,0,0,0,0,0,0,0,0,0
0.01,9937,99,9817,9429,377,11,0,0,0,0,0,0,0,0,0,0,0,0,0,0,0,0,0
0.025,9937,248,9618,8758,815,44,1,0,0,0,0,0,0,0,0,0,0,0,0,0,0,0,0
0.05,9937,497,9300,7643,1465,173,18,1,0,0,0,0,0,0,0,0,0,0,0,0,0,0,0
0.075,9937,745,8950,6651,1970,292,34,3,0,0,0,0,0,0,0,0,0,0,0,0,0,0,0
0.1,9937,994,8590,5772,2297,461,54,6,0,0,0,0,0,0,0,0,0,0,0,0,0,0,0
0.125,9937,1242,8247,5058,2453,627,91,17,1,0,0,0,0,0,0,0,0,0,0,0,0,0,0
0.15,9937,1491,7901,4405,2564,779,127,23,3,0,0,0,0,0,0,0,0,0,0,0,0,0,0
0.25,9937,2484,6306,2440,2337,1113,329,66,20,1,0,0,0,0,0,0,0,0,0,0,0,0,0
0.01,9937,99,9810,9425,381,4,0,0,0,0,0,0,0,0,0,0,0,0,0,0,0,0,0
0.025,9937,248,9602,8699,865,36,2,0,0,0,0,0,0,0,0,0,0,0,0,0,0,0,0
0.05,9937,497,9256,7601,1520,124,10,1,0,0,0,0,0,0,0,0,0,0,0,0,0,0,0
0.075,9937,745,8901,6653,1942,281,24,1,0,0,0,0,0,0,0,0,0,0,0,0,0,0,0
0.1,9937,994,8551,5843,2233,413,57,4,1,0,0,0,0,0,0,0,0,0,0,0,0,0,0
0.125,9937,1242,8181,5056,2450,565,95,14,1,0,0,0,0,0,0,0,0,0,0,0,0,0,0
0.15,9937,1491,7810,4405,2531,699,148,21,6,0,0,0,0,0,0,0,0,0,0,0,0,0,0
0.25,9937,2484,6274,2488,2316,1044,333,79,12,2,0,0,0,0,0,0,0,0,0,0,0,0,0
0.01,9937,99,9798,9408,386,4,0,0,0,0,0,0,0,0,0,0,0,0,0,0,0,0,0
0.025,9937,248,9565,8654,874,36,1,0,0,0,0,0,0,0,0,0,0,0,0,0,0,0,0
0.05,9937,497,9121,7543,1446,122,10,0,0,0,0,0,0,0,0,0,0,0,0,0,0,0,0
0.075,9937,745,8721,6545,1867,282,25,1,1,0,0,0,0,0,0,0,0,0,0,0,0,0,0
0.1,9937,994,8294,5636,2176,430,47,4,1,0,0,0,0,0,0,0,0,0,0,0,0,0,0
0.125,9937,1242,7843,4842,2338,566,86,10,1,0,0,0,0,0,0,0,0,0,0,0,0,0,0
0.15,9937,1491,7386,4175,2380,676,134,19,2,0,0,0,0,0,0,0,0,0,0,0,0,0,0
0.01,9937,99,9822,9414,402,6,0,0,0,0,0,0,0,0,0,0,0,0,0,0,0,0,0
0.025,9937,248,9626,8688,887,48,3,0,0,0,0,0,0,0,0,0,0,0,0,0,0,0,0
0.05,9937,497,9304,7619,1530,144,10,1,0,0,0,0,0,0,0,0,0,0,0,0,0,0,0
0.075,9937,745,8988,6731,1932,293,29,3,0,0,0,0,0,0,0,0,0,0,0,0,0,0,0
0.1,9937,994,8678,5901,2255,466,49,7,0,0,0,0,0,0,0,0,0,0,0,0,0,0,0
0.125,9937,1242,8354,5162,2472,622,84,13,1,0,0,0,0,0,0,0,0,0,0,0,0,0,0
0.15,9937,1491,8034,4503,2648,711,145,25,2,0,0,0,0,0,0,0,0,0,0,0,0,0,0
0.25,9937,2484,6661,2532,2479,1160,391,81,16,1,1,0,0,0,0,0,0,0,0,0,0,0,0
0.01,9937,99,9831,9443,379,9,0,0,0,0,0,0,0,0,0,0,0,0,0,0,0,0,0
0.025,9937,248,9667,8733,884,49,1,0,0,0,0,0,0,0,0,0,0,0,0,0,0,0,0
0.05,9937,497,9396,7704,1550,131,11,0,0,0,0,0,0,0,0,0,0,0,0,0,0,0,0
0.075,9937,745,9117,6786,2017,295,19,0,0,0,0,0,0,0,0,0,0,0,0,0,0,0,0
0.1,9937,994,8835,5963,2382,438,50,2,0,0,0,0,0,0,0,0,0,0,0,0,0,0,0
0.125,9937,1242,8552,5189,2638,621,91,11,2,0,0,0,0,0,0,0,0,0,0,0,0,0,0
0.15,9937,1491,8278,4540,2799,770,150,15,4,0,0,0,0,0,0,0,0,0,0,0,0,0,0
0.25,9937,2484,7089,2651,2631,1284,421,88,14,0,0,0,0,0,0,0,0,0,0,0,0,0,0
0.01,9931,99,9817,9460,350,7,0,0,0,0,0,0,0,0,0,0,0,0,0,0,0,0,0
0.025,9931,248,9647,8769,838,39,1,0,0,0,0,0,0,0,0,0,0,0,0,0,0,0,0
0.05,9931,497,9360,7708,1513,131,8,0,0,0,0,0,0,0,0,0,0,0,0,0,0,0,0
0.075,9931,745,9061,6794,1956,278,31,2,0,0,0,0,0,0,0,0,0,0,0,0,0,0,0
0.1,9931,993,8758,6000,2281,415,54,8,0,0,0,0,0,0,0,0,0,0,0,0,0,0,0
0.125,9931,1241,8478,5266,2479,635,86,11,1,0,0,0,0,0,0,0,0,0,0,0,0,0,0
0.15,9931,1490,8178,4588,2626,804,140,19,0,1,0,0,0,0,0,0,0,0,0,0,0,0,0
0.25,9931,2483,6972,2680,2626,1212,362,69,17,4,2,0,0,0,0,0,0,0,0,0,0,0,0
0.01,9931,99,9819,9446,365,8,0,0,0,0,0,0,0,0,0,0,0,0,0,0,0,0,0
0.025,9931,248,9656,8732,882,38,4,0,0,0,0,0,0,0,0,0,0,0,0,0,0,0,0
0.05,9931,497,9369,7624,1580,149,13,3,0,0,0,0,0,0,0,0,0,0,0,0,0,0,0
0.075,9931,745,9075,6710,2015,311,34,5,0,0,0,0,0,0,0,0,0,0,0,0,0,0,0
0.1,9931,993,8786,5883,2375,444,74,10,0,0,0,0,0,0,0,0,0,0,0,0,0,0,0
0.125,9931,1241,8498,5172,2622,581,105,18,0,0,0,0,0,0,0,0,0,0,0,0,0,0,0
0.15,9931,1490,8192,4480,2775,752,157,25,3,0,0,0,0,0,0,0,0,0,0,0,0,0,0
0.25,9931,2483,6971,2643,2643,1201,372,93,16,2,0,1,0,0,0,0,0,0,0,0,0,0,0
0.01,9931,99,9827,9424,395,8,0,0,0,0,0,0,0,0,0,0,0,0,0,0,0,0,0
0.025,9931,248,9651,8752,864,35,0,0,0,0,0,0,0,0,0,0,0,0,0,0,0,0,0
0.05,9931,497,9379,7662,1580,131,6,0,0,0,0,0,0,0,0,0,0,0,0,0,0,0,0
0.075,9931,745,9098,6776,2037,251,32,2,0,0,0,0,0,0,0,0,0,0,0,0,0,0,0
0.1,9931,993,8829,5957,2392,411,61,8,0,0,0,0,0,0,0,0,0,0,0,0,0,0,0
0.125,9931,1241,8540,5217,2593,622,97,10,1,0,0,0,0,0,0,0,0,0,0,0,0,0,0
0.15,9931,1490,8263,4610,2696,780,152,23,2,0,0,0,0,0,0,0,0,0,0,0,0,0,0
0.25,9931,2483,7111,2694,2690,1238,375,99,15,0,0,0,0,0,0,0,0,0,0,0,0,0,0
0.01,9931,99,9813,9435,369,9,0,0,0,0,0,0,0,0,0,0,0,0,0,0,0,0,0
0.025,9931,248,9621,8721,851,48,1,0,0,0,0,0,0,0,0,0,0,0,0,0,0,0,0
0.05,9931,497,9301,7657,1495,142,7,0,0,0,0,0,0,0,0,0,0,0,0,0,0,0,0
0.075,9931,745,8978,6748,1926,273,26,5,0,0,0,0,0,0,0,0,0,0,0,0,0,0,0
0.1,9931,993,8643,5840,2292,452,48,10,1,0,0,0,0,0,0,0,0,0,0,0,0,0,0
0.125,9931,1241,8289,5081,2504,585,109,9,1,0,0,0,0,0,0,0,0,0,0,0,0,0,0
0.15,9931,1490,7967,4430,2596,759,163,17,2,0,0,0,0,0,0,0,0,0,0,0,0,0,0
0.25,9931,2483,6479,2492,2391,1142,343,93,15,3,0,0,0,0,0,0,0,0,0,0,0,0,0
0.01,9931,99,9771,9394,370,7,0,0,0,0,0,0,0,0,0,0,0,0,0,0,0,0,0
0.025,9931,248,9505,8645,822,38,0,0,0,0,0,0,0,0,0,0,0,0,0,0,0,0,0
0.05,9931,497,9047,7484,1421,137,5,0,0,0,0,0,0,0,0,0,0,0,0,0,0,0,0
0.075,9931,745,8603,6406,1898,264,31,4,0,0,0,0,0,0,0,0,0,0,0,0,0,0,0
0.1,9931,993,8103,5443,2172,434,46,8,0,0,0,0,0,0,0,0,0,0,0,0,0,0,0
0.125,9931,1241,7589,4625,2324,544,88,6,2,0,0,0,0,0,0,0,0,0,0,0,0,0,0
0.15,9931,1490,7047,3931,2324,650,127,15,0,0,0,0,0,0,0,0,0,0,0,0,0,0,0
0.01,9931,99,9814,9403,401,10,0,0,0,0,0,0,0,0,0,0,0,0,0,0,0,0,0
0.025,9931,248,9629,8639,953,36,1,0,0,0,0,0,0,0,0,0,0,0,0,0,0,0,0
0.05,9931,497,9295,7571,1575,136,12,1,0,0,0,0,0,0,0,0,0,0,0,0,0,0,0
0.075,9931,745,8954,6570,2070,290,22,2,0,0,0,0,0,0,0,0,0,0,0,0,0,0,0
0.1,9931,993,8602,5714,2356,465,61,5,1,0,0,0,0,0,0,0,0,0,0,0,0,0,0
0.125,9931,1241,8245,4977,2551,612,93,11,1,0,0,0,0,0,0,0,0,0,0,0,0,0,0
0.15,9931,1490,7901,4354,2638,745,142,17,5,0,0,0,0,0,0,0,0,0,0,0,0,0,0
0.25,9931,2483,6317,2484,2301,1096,336,85,11,4,0,0,0,0,0,0,0,0,0,0,0,0,0
0.01,9931,99,9797,9387,400,10,0,0,0,0,0,0,0,0,0,0,0,0,0,0,0,0,0
0.025,9931,248,9604,8681,883,39,1,0,0,0,0,0,0,0,0,0,0,0,0,0,0,0,0
0.05,9931,497,9254,7552,1541,152,9,0,0,0,0,0,0,0,0,0,0,0,0,0,0,0,0
0.075,9931,745,8878,6593,1958,291,32,3,1,0,0,0,0,0,0,0,0,0,0,0,0,0,0
0.1,9931,993,8538,5713,2355,402,62,5,1,0,0,0,0,0,0,0,0,0,0,0,0,0,0
0.125,9931,1241,8174,4970,2544,560,84,15,1,0,0,0,0,0,0,0,0,0,0,0,0,0,0
0.15,9931,1490,7791,4345,2573,724,132,14,3,0,0,0,0,0,0,0,0,0,0,0,0,0,0
0.25,9931,2483,6113,2380,2299,1022,326,69,11,6,0,0,0,0,0,0,0,0,0,0,0,0,0
0.01,9931,99,9813,9428,376,9,0,0,0,0,0,0,0,0,0,0,0,0,0,0,0,0,0
0.025,9931,248,9632,8718,862,50,2,0,0,0,0,0,0,0,0,0,0,0,0,0,0,0,0
0.05,9931,497,9348,7649,1544,140,15,0,0,0,0,0,0,0,0,0,0,0,0,0,0,0,0
0.075,9931,745,9056,6673,2060,281,38,4,0,0,0,0,0,0,0,0,0,0,0,0,0,0,0
0.1,9931,993,8762,5902,2353,451,50,5,1,0,0,0,0,0,0,0,0,0,0,0,0,0,0
0.125,9931,1241,8460,5114,2607,614,110,13,2,0,0,0,0,0,0,0,0,0,0,0,0,0,0
0.15,9931,1490,8145,4500,2694,755,169,24,3,0,0,0,0,0,0,0,0,0,0,0,0,0,0
0.25,9931,2483,6945,2585,2637,1218,393,93,15,4,0,0,0,0,0,0,0,0,0,0,0,0,0
0.01,9931,99,9823,9412,405,4,2,0,0,0,0,0,0,0,0,0,0,0,0,0,0,0,0
0.025,9931,248,9659,8723,891,38,7,0,0,0,0,0,0,0,0,0,0,0,0,0,0,0,0
0.05,9931,497,9373,7705,1501,158,8,1,0,0,0,0,0,0,0,0,0,0,0,0,0,0,0
0.075,9931,745,9084,6778,1983,297,22,4,0,0,0,0,0,0,0,0,0,0,0,0,0,0,0
0.1,9931,993,8798,5959,2314,457,60,7,0,1,0,0,0,0,0,0,0,0,0,0,0,0,0
0.125,9931,1241,8506,5199,2568,627,95,17,0,0,0,0,0,0,0,0,0,0,0,0,0,0,0
0.15,9931,1490,8220,4584,2694,784,129,27,1,1,0,0,0,0,0,0,0,0,0,0,0,0,0
0.25,9931,2483,7028,2761,2551,1245,377,77,16,1,0,0,0,0,0,0,0,0,0,0,0,0,0
0.01,9931,99,9823,9473,342,7,1,0,0,0,0,0,0,0,0,0,0,0,0,0,0,0,0
0.025,9931,248,9646,8750,852,44,0,0,0,0,0,0,0,0,0,0,0,0,0,0,0,0,0
0.05,9931,497,9354,7745,1456,145,6,2,0,0,0,0,0,0,0,0,0,0,0,0,0,0,0
0.075,9931,745,9066,6791,1952,295,27,1,0,0,0,0,0,0,0,0,0,0,0,0,0,0,0
0.1,9931,993,8774,6015,2235,455,65,4,0,0,0,0,0,0,0,0,0,0,0,0,0,0,0
0.125,9931,1241,8476,5294,2477,591,97,14,3,0,0,0,0,0,0,0,0,0,0,0,0,0,0
0.15,9931,1490,8180,4647,2594,757,160,17,4,0,1,0,0,0,0,0,0,0,0,0,0,0,0
0.25,9931,2483,6980,2696,2552,1247,381,90,13,1,0,0,0,0,0,0,0,0,0,0,0,0,0
0.01,9939,99,9810,9385,418,7,0,0,0,0,0,0,0,0,0,0,0,0,0,0,0,0,0
0.025,9939,248,9611,8607,955,49,0,0,0,0,0,0,0,0,0,0,0,0,0,0,0,0,0
0.05,9939,497,9253,7563,1524,157,9,0,0,0,0,0,0,0,0,0,0,0,0,0,0,0,0
0.075,9939,745,8910,6585,1994,301,28,1,1,0,0,0,0,0,0,0,0,0,0,0,0,0,0
0.1,9939,994,8552,5722,2290,474,62,3,0,1,0,0,0,0,0,0,0,0,0,0,0,0,0
0.125,9939,1242,8173,4995,2451,607,102,17,1,0,0,0,0,0,0,0,0,0,0,0,0,0,0
0.15,9939,1491,7753,4326,2516,753,134,21,3,0,0,0,0,0,0,0,0,0,0,0,0,0,0
0.25,9939,2485,6012,2387,2194,1028,323,69,11,0,0,0,0,0,0,0,0,0,0,0,0,0,0
0.01,9939,99,9823,9438,375,10,0,0,0,0,0,0,0,0,0,0,0,0,0,0,0,0,0
0.025,9939,248,9653,8803,799,49,2,0,0,0,0,0,0,0,0,0,0,0,0,0,0,0,0
0.05,9939,497,9370,7745,1475,139,11,0,0,0,0,0,0,0,0,0,0,0,0,0,0,0,0
0.075,9939,745,9068,6788,1949,298,32,1,0,0,0,0,0,0,0,0,0,0,0,0,0,0,0
0.1,9939,994,8791,5973,2267,483,66,2,0,0,0,0,0,0,0,0,0,0,0,0,0,0,0
0.125,9939,1242,8504,5229,2523,644,95,12,1,0,0,0,0,0,0,0,0,0,0,0,0,0,0
0.15,9939,1491,8206,4558,2644,841,139,21,3,0,0,0,0,0,0,0,0,0,0,0,0,0,0
0.25,9939,2485,7018,2634,2609,1280,372,100,22,1,0,0,0,0,0,0,0,0,0,0,0,0,0
0.01,9939,99,9833,9397,430,6,0,0,0,0,0,0,0,0,0,0,0,0,0,0,0,0,0
0.025,9939,248,9665,8669,952,42,2,0,0,0,0,0,0,0,0,0,0,0,0,0,0,0,0
0.05,9939,497,9372,7521,1671,166,14,0,0,0,0,0,0,0,0,0,0,0,0,0,0,0,0
0.075,9939,745,9091,6627,2136,300,25,2,1,0,0,0,0,0,0,0,0,0,0,0,0,0,0
0.1,9939,994,8805,5807,2482,464,41,10,1,0,0,0,0,0,0,0,0,0,0,0,0,0,0
0.125,9939,1242,8510,5146,2607,646,95,15,1,0,0,0,0,0,0,0,0,0,0,0,0,0,0
0.15,9939,1491,8207,4487,2708,826,164,19,3,0,0,0,0,0,0,0,0,0,0,0,0,0,0
0.25,9939,2485,7021,2709,2516,1273,407,99,16,1,0,0,0,0,0,0,0,0,0,0,0,0,0
0.01,9939,99,9821,9416,399,6,0,0,0,0,0,0,0,0,0,0,0,0,0,0,0,0,0
0.025,9939,248,9636,8702,876,57,1,0,0,0,0,0,0,0,0,0,0,0,0,0,0,0,0
0.05,9939,497,9334,7598,1578,147,11,0,0,0,0,0,0,0,0,0,0,0,0,0,0,0,0
0.075,9939,745,9025,6697,1986,311,29,2,0,0,0,0,0,0,0,0,0,0,0,0,0,0,0
0.1,9939,994,8719,5847,2329,475,63,4,1,0,0,0,0,0,0,0,0,0,0,0,0,0,0
0.125,9939,1242,8423,5137,2498,658,115,12,3,0,0,0,0,0,0,0,0,0,0,0,0,0,0
0.15,9939,1491,8101,4485,2624,808,161,20,1,2,0,0,0,0,0,0,0,0,0,0,0,0,0
0.25,9939,2485,6819,2534,2557,1215,404,86,19,4,0,0,0,0,0,0,0,0,0,0,0,0,0
0.01,9939,99,9823,9423,391,9,0,0,0,0,0,0,0,0,0,0,0,0,0,0,0,0,0
0.025,9939,248,9638,8670,914,51,3,0,0,0,0,0,0,0,0,0,0,0,0,0,0,0,0
0.05,9939,497,9352,7548,1636,154,12,2,0,0,0,0,0,0,0,0,0,0,0,0,0,0,0
0.075,9939,745,9071,6674,2063,299,35,0,0,0,0,0,0,0,0,0,0,0,0,0,0,0,0
0.1,9939,994,8781,5867,2381,470,55,8,0,0,0,0,0,0,0,0,0,0,0,0,0,0,0
0.125,9939,1242,8476,5185,2585,594,100,12,0,0,0,0,0,0,0,0,0,0,0,0,0,0,0
0.15,9939,1491,8176,4542,2724,741,152,17,0,0,0,0,0,0,0,0,0,0,0,0,0,0,0
0.25,9939,2485,6911,2646,2551,1227,391,75,17,2,2,0,0,0,0,0,0,0,0,0,0,0,0
0.01,9939,99,9827,9440,383,4,0,0,0,0,0,0,0,0,0,0,0,0,0,0,0,0,0
0.025,9939,248,9656,8716,901,36,3,0,0,0,0,0,0,0,0,0,0,0,0,0,0,0,0
0.05,9939,497,9373,7639,1578,144,12,0,0,0,0,0,0,0,0,0,0,0,0,0,0,0,0
0.075,9939,745,9089,6741,2015,300,30,3,0,0,0,0,0,0,0,0,0,0,0,0,0,0,0
0.1,9939,994,8797,5879,2386,453,69,10,0,0,0,0,0,0,0,0,0,0,0,0,0,0,0
0.125,9939,1242,8490,5150,2557,647,119,16,1,0,0,0,0,0,0,0,0,0,0,0,0,0,0
0.15,9939,1491,8202,4553,2629,825,159,34,2,0,0,0,0,0,0,0,0,0,0,0,0,0,0
0.25,9939,2485,6967,2638,2540,1272,409,89,18,1,0,0,0,0,0,0,0,0,0,0,0,0,0
0.01,9939,99,9833,9442,383,8,0,0,0,0,0,0,0,0,0,0,0,0,0,0,0,0,0
0.025,9939,248,9661,8710,902,48,1,0,0,0,0,0,0,0,0,0,0,0,0,0,0,0,0
0.05,9939,497,9379,7636,1573,161,8,1,0,0,0,0,0,0,0,0,0,0,0,0,0,0,0
0.075,9939,745,9090,6685,2053,316,34,2,0,0,0,0,0,0,0,0,0,0,0,0,0,0,0
0.1,9939,994,8795,5835,2428,461,60,9,2,0,0,0,0,0,0,0,0,0,0,0,0,0,0
0.125,9939,1242,8519,5096,2658,646,101,16,2,0,0,0,0,0,0,0,0,0,0,0,0,0,0
0.15,9939,1491,8209,4440,2743,828,172,21,4,1,0,0,0,0,0,0,0,0,0,0,0,0,0
0.25,9939,2485,7000,2634,2545,1303,397,101,14,6,0,0,0,0,0,0,0,0,0,0,0,0,0
0.01,9939,99,9812,9423,381,8,0,0,0,0,0,0,0,0,0,0,0,0,0,0,0,0,0
0.025,9939,248,9613,8659,911,42,1,0,0,0,0,0,0,0,0,0,0,0,0,0,0,0,0
0.05,9939,497,9292,7601,1528,152,11,0,0,0,0,0,0,0,0,0,0,0,0,0,0,0,0
0.075,9939,745,8953,6623,2022,285,23,0,0,0,0,0,0,0,0,0,0,0,0,0,0,0,0
0.1,9939,994,8633,5812,2322,445,47,7,0,0,0,0,0,0,0,0,0,0,0,0,0,0,0
0.125,9939,1242,8274,5008,2563,602,91,10,0,0,0,0,0,0,0,0,0,0,0,0,0,0,0
0.15,9939,1491,7911,4334,2650,765,136,21,5,0,0,0,0,0,0,0,0,0,0,0,0,0,0
0.25,9939,2485,6464,2472,2445,1097,355,81,12,2,0,0,0,0,0,0,0,0,0,0,0,0,0
0.01,9939,99,9830,9440,385,5,0,0,0,0,0,0,0,0,0,0,0,0,0,0,0,0,0
0.025,9939,248,9671,8762,869,39,1,0,0,0,0,0,0,0,0,0,0,0,0,0,0,0,0
0.05,9939,497,9384,7680,1541,151,12,0,0,0,0,0,0,0,0,0,0,0,0,0,0,0,0
0.075,9939,745,9085,6801,1970,277,35,2,0,0,0,0,0,0,0,0,0,0,0,0,0,0,0
0.1,9939,994,8803,5968,2322,454,53,5,1,0,0,0,0,0,0,0,0,0,0,0,0,0,0
0.125,9939,1242,8522,5210,2569,631,100,10,2,0,0,0,0,0,0,0,0,0,0,0,0,0,0
0.15,9939,1491,8235,4546,2747,764,155,17,5,1,0,0,0,0,0,0,0,0,0,0,0,0,0
0.25,9939,2485,7072,2649,2557,1340,398,102,23,2,1,0,0,0,0,0,0,0,0,0,0,0,0
0.01,9939,99,9831,9422,397,12,0,0,0,0,0,0,0,0,0,0,0,0,0,0,0,0,0
0.025,9939,248,9669,8743,879,46,1,0,0,0,0,0,0,0,0,0,0,0,0,0,0,0,0
0.05,9939,497,9384,7672,1557,146,8,1,0,0,0,0,0,0,0,0,0,0,0,0,0,0,0
0.075,9939,745,9103,6732,2027,310,31,3,0,0,0,0,0,0,0,0,0,0,0,0,0,0,0
0.1,9939,994,8820,5934,2319,493,65,9,0,0,0,0,0,0,0,0,0,0,0,0,0,0,0
0.125,9939,1242,8544,5162,2603,657,103,18,1,0,0,0,0,0,0,0,0,0,0,0,0,0,0
0.15,9939,1491,8268,4523,2746,819,150,26,4,0,0,0,0,0,0,0,0,0,0,0,0,0,0
0.25,9939,2485,7109,2686,2640,1253,423,89,14,3,1,0,0,0,0,0,0,0,0,0,0,0,0
